Timestamp,Direct Solar Irradiance  (W/m²),Solar Irradiance Uncompe (W/m²),Body Temperature  (°C)
"21/04/2026, 00:00", 0.0, 0.0, 41.7
"21/04/2026, 00:05", 24.3, 21.7, 41.3
"21/04/2026, 00:10", 0.0, 0.0, 41.3
"21/04/2026, 00:15", 0.0, 0.0, 40.7
"21/04/2026, 00:20", 0.0, 0.0, 41.4
"21/04/2026, 00:25", 24.2, 20.4, 41.8
"21/04/2026, 00:30", 8.7, 6.2, 41.0
"21/04/2026, 00:35", 0.0, 0.0, 40.4
"21/04/2026, 00:40", 28.1, 25.3, 41.7
"21/04/2026, 00:45", 2.6, 0.0, 40.3
"21/04/2026, 00:50", 0.0, 0.0, 40.3
"21/04/2026, 00:55", 1.9, 0.0, 40.2
"21/04/2026, 01:00", 7.9, 3.9, 41.2
"21/04/2026, 01:05", 0.0, 0.0, 40.2
"21/04/2026, 01:10", 0.0, 0.0, 40.8
"21/04/2026, 01:15", 0.0, 0.0, 40.7
"21/04/2026, 01:20", 0.0, 0.0, 41.8
"21/04/2026, 01:25", 31.4, 27.6, 41.6
"21/04/2026, 01:30", 23.6, 20.4, 41.7
"21/04/2026, 01:35", 0.0, 0.0, 41.6
"21/04/2026, 01:40", 45.8, 41.8, 40.4
"21/04/2026, 01:45", 0.0, 0.0, 41.2
"21/04/2026, 01:50", 0.0, 0.0, 41.7
"21/04/2026, 01:55", 32.0, 29.1, 40.5
"21/04/2026, 02:00", 0.0, 0.0, 40.4
"21/04/2026, 02:05", 36.8, 33.4, 40.6
"21/04/2026, 02:10", 1.4, 0.0, 41.0
"21/04/2026, 02:15", 13.6, 10.4, 41.1
"21/04/2026, 02:20", 0.0, 0.0, 41.2
"21/04/2026, 02:25", 21.4, 17.9, 41.3
"21/04/2026, 02:30", 0.0, 0.0, 41.1
"21/04/2026, 02:35", 0.0, 0.0, 40.3
"21/04/2026, 02:40", 16.8, 14.3, 40.5
"21/04/2026, 02:45", 2.3, 0.0, 41.2
"21/04/2026, 02:50", 0.0, 0.0, 40.7
"21/04/2026, 02:55", 0.0, 0.0, 40.7
"21/04/2026, 03:00", 0.0, 0.0, 40.3
"21/04/2026, 03:05", 0.0, 0.0, 41.0
"21/04/2026, 03:10", 1.0, 0.0, 40.5
"21/04/2026, 03:15", 0.0, 0.0, 40.7
"21/04/2026, 03:20", 0.0, 0.0, 41.0
"21/04/2026, 03:25", 43.8, 40.8, 40.6
"21/04/2026, 03:30", 0.0, 0.0, 41.6
"21/04/2026, 03:35", 2.8, 0.4, 41.7
"21/04/2026, 03:40", 0.0, 0.0, 41.5
"21/04/2026, 03:45", 0.0, 0.0, 40.7
"21/04/2026, 03:50", 0.0, 0.0, 40.5
"21/04/2026, 03:55", 30.6, 28.5, 41.6
"21/04/2026, 04:00", 0.0, 0.0, 41.6
"21/04/2026, 04:05", 0.0, 0.0, 41.1
"21/04/2026, 04:10", 0.0, 0.0, 41.0
"21/04/2026, 04:15", 27.7, 25.5, 40.4
"21/04/2026, 04:20", 0.0, 0.0, 40.5
"21/04/2026, 04:25", 21.6, 19.5, 40.2
"21/04/2026, 04:30", 0.0, 0.0, 41.4
"21/04/2026, 04:35", 0.0, 0.0, 41.4
"21/04/2026, 04:40", 24.1, 20.6, 41.1
"21/04/2026, 04:45", 41.3, 39.1, 40.6
"21/04/2026, 04:50", 38.5, 36.0, 41.6
"21/04/2026, 04:55", 0.0, 0.0, 40.8
"21/04/2026, 05:00", 39.5, 36.3, 41.7
"21/04/2026, 05:05", 0.0, 0.0, 41.4
"21/04/2026, 05:10", 0.0, 0.0, 41.7
"21/04/2026, 05:15", 0.0, 0.0, 41.6
"21/04/2026, 05:20", 0.0, 0.0, 40.2
"21/04/2026, 05:25", 11.6, 8.2, 41.7
"21/04/2026, 05:30", 0.0, 0.0, 41.7
"21/04/2026, 05:35", 0.0, 0.0, 41.0
"21/04/2026, 05:40", 44.6, 41.1, 41.7
"21/04/2026, 05:45", 0.0, 0.0, 41.2
"21/04/2026, 05:50", 49.6, 47.3, 40.2
"21/04/2026, 05:55", 39.4, 35.9, 41.7
"21/04/2026, 06:00", 3.5, 0.6, 40.5
"21/04/2026, 06:05", 11.1, 8.7, 40.7
"21/04/2026, 06:10", 39.1, 36.1, 41.2
"21/04/2026, 06:15", 30.4, 26.8, 40.3
"21/04/2026, 06:20", 29.1, 25.2, 41.0
"21/04/2026, 06:25", 0.0, 0.0, 41.8
"21/04/2026, 06:30", 0.0, 0.0, 40.9
"21/04/2026, 06:35", 0.0, 0.0, 40.4
"21/04/2026, 06:40", 0.0, 0.0, 40.7
"21/04/2026, 06:45", 34.1, 32.0, 41.5
"21/04/2026, 06:50", 46.4, 43.9, 41.7
"21/04/2026, 06:55", 47.8, 45.4, 41.3
"21/04/2026, 07:00", 5.0, 1.4, 41.4
"21/04/2026, 07:05", 0.0, 0.0, 40.7
"21/04/2026, 07:10", 0.0, 0.0, 40.9
"21/04/2026, 07:15", 46.5, 43.6, 40.3
"21/04/2026, 07:20", 29.3, 25.4, 41.5
"21/04/2026, 07:25", 0.0, 0.0, 40.7
"21/04/2026, 07:30", 26.4, 23.2, 41.3
"21/04/2026, 07:35", 13.3, 10.2, 41.4
"21/04/2026, 07:40", 0.0, 0.0, 41.0
"21/04/2026, 07:45", 0.0, 0.0, 40.6
"21/04/2026, 07:50", 0.0, 0.0, 40.5
"21/04/2026, 07:55", 18.5, 15.1, 41.0
"21/04/2026, 08:00", 183.6, 180.8, 40.8
"21/04/2026, 08:05", 159.7, 156.2, 40.2
"21/04/2026, 08:10", 165.3, 163.3, 41.1
"21/04/2026, 08:15", 172.9, 169.4, 40.5
"21/04/2026, 08:20", 182.2, 180.1, 41.0
"21/04/2026, 08:25", 239.5, 237.2, 41.1
"21/04/2026, 08:30", 229.6, 226.3, 40.8
"21/04/2026, 08:35", 206.6, 204.0, 41.0
"21/04/2026, 08:40", 166.2, 162.2, 40.5
"21/04/2026, 08:45", 246.8, 243.6, 41.4
"21/04/2026, 08:50", 166.8, 164.1, 40.5
"21/04/2026, 08:55", 179.1, 175.3, 41.1
"21/04/2026, 09:00", 357.6, 355.4, 40.5
"21/04/2026, 09:05", 393.5, 389.6, 41.3
"21/04/2026, 09:10", 393.0, 390.1, 41.2
"21/04/2026, 09:15", 389.0, 386.3, 41.3
"21/04/2026, 09:20", 329.9, 326.2, 40.9
"21/04/2026, 09:25", 353.7, 350.6, 41.6
"21/04/2026, 09:30", 379.3, 376.0, 40.9
"21/04/2026, 09:35", 357.4, 355.4, 41.7
"21/04/2026, 09:40", 405.2, 402.7, 40.3
"21/04/2026, 09:45", 334.8, 331.6, 40.3
"21/04/2026, 09:50", 418.2, 414.5, 40.2
"21/04/2026, 09:55", 421.3, 418.0, 41.4
"21/04/2026, 10:00", 548.0, 545.0, 43.2
"21/04/2026, 10:05", 548.1, 545.5, 42.2
"21/04/2026, 10:10", 493.9, 491.1, 43.5
"21/04/2026, 10:15", 537.3, 534.1, 42.8
"21/04/2026, 10:20", 510.6, 507.0, 43.8
"21/04/2026, 10:25", 512.9, 509.2, 43.4
"21/04/2026, 10:30", 492.2, 489.0, 43.7
"21/04/2026, 10:35", 519.2, 515.7, 43.4
"21/04/2026, 10:40", 519.6, 516.5, 42.3
"21/04/2026, 10:45", 544.8, 542.3, 42.7
"21/04/2026, 10:50", 552.6, 549.0, 43.0
"21/04/2026, 10:55", 518.9, 515.4, 42.7
"21/04/2026, 11:00", 661.9, 658.4, 42.9
"21/04/2026, 11:05", 659.9, 657.4, 43.6
"21/04/2026, 11:10", 633.7, 630.9, 43.5
"21/04/2026, 11:15", 644.5, 642.4, 42.7
"21/04/2026, 11:20", 683.8, 680.1, 42.8
"21/04/2026, 11:25", 613.6, 609.7, 42.5
"21/04/2026, 11:30", 647.5, 645.3, 42.2
"21/04/2026, 11:35", 647.8, 645.8, 43.7
"21/04/2026, 11:40", 591.7, 588.5, 42.5
"21/04/2026, 11:45", 637.1, 633.3, 42.8
"21/04/2026, 11:50", 636.3, 634.1, 43.4
"21/04/2026, 11:55", 682.7, 680.2, 42.2
"21/04/2026, 12:00", 654.5, 652.0, 43.3
"21/04/2026, 12:05", 659.0, 655.4, 43.6
"21/04/2026, 12:10", 673.0, 670.9, 42.5
"21/04/2026, 12:15", 677.6, 675.2, 42.6
"21/04/2026, 12:20", 682.4, 678.6, 43.6
"21/04/2026, 12:25", 680.7, 678.0, 42.8
"21/04/2026, 12:30", 658.1, 655.8, 43.2
"21/04/2026, 12:35", 734.0, 730.7, 42.6
"21/04/2026, 12:40", 740.4, 737.8, 42.7
"21/04/2026, 12:45", 740.8, 738.0, 42.4
"21/04/2026, 12:50", 645.4, 642.8, 42.9
"21/04/2026, 12:55", 712.9, 709.1, 42.9
"21/04/2026, 13:00", 680.3, 677.0, 42.7
"21/04/2026, 13:05", 729.4, 726.9, 42.6
"21/04/2026, 13:10", 733.5, 730.2, 42.5
"21/04/2026, 13:15", 733.6, 731.3, 42.5
"21/04/2026, 13:20", 730.8, 728.3, 43.5
"21/04/2026, 13:25", 733.5, 730.6, 42.3
"21/04/2026, 13:30", 723.0, 721.0, 42.7
"21/04/2026, 13:35", 672.4, 669.4, 42.9
"21/04/2026, 13:40", 680.2, 676.2, 42.6
"21/04/2026, 13:45", 726.4, 723.9, 42.9
"21/04/2026, 13:50", 683.5, 680.3, 42.6
"21/04/2026, 13:55", 690.5, 687.5, 42.5
"21/04/2026, 14:00", 604.5, 602.3, 43.7
"21/04/2026, 14:05", 617.5, 614.2, 43.8
"21/04/2026, 14:10", 676.3, 672.9, 43.3
"21/04/2026, 14:15", 612.2, 609.0, 43.2
"21/04/2026, 14:20", 661.6, 659.2, 42.6
"21/04/2026, 14:25", 613.2, 611.0, 42.7
"21/04/2026, 14:30", 671.5, 668.2, 42.6
"21/04/2026, 14:35", 681.3, 678.9, 43.4
"21/04/2026, 14:40", 630.1, 627.9, 43.0
"21/04/2026, 14:45", 672.6, 669.7, 43.2
"21/04/2026, 14:50", 674.7, 671.5, 43.8
"21/04/2026, 14:55", 615.1, 612.2, 43.2
"21/04/2026, 15:00", 568.3, 565.0, 43.0
"21/04/2026, 15:05", 554.1, 550.3, 43.4
"21/04/2026, 15:10", 480.5, 476.5, 42.7
"21/04/2026, 15:15", 502.7, 499.3, 42.3
"21/04/2026, 15:20", 486.7, 483.0, 43.0
"21/04/2026, 15:25", 520.7, 517.9, 43.4
"21/04/2026, 15:30", 485.1, 481.3, 42.3
"21/04/2026, 15:35", 568.6, 566.5, 43.7
"21/04/2026, 15:40", 516.1, 513.0, 42.7
"21/04/2026, 15:45", 578.8, 576.6, 42.7
"21/04/2026, 15:50", 542.0, 538.0, 42.7
"21/04/2026, 15:55", 530.6, 526.8, 42.4
"21/04/2026, 16:00", 345.3, 342.4, 42.5
"21/04/2026, 16:05", 358.9, 355.4, 42.5
"21/04/2026, 16:10", 355.1, 352.9, 42.7
"21/04/2026, 16:15", 423.9, 420.7, 43.7
"21/04/2026, 16:20", 349.6, 346.5, 42.8
"21/04/2026, 16:25", 400.5, 397.8, 43.4
"21/04/2026, 16:30", 366.7, 364.6, 43.4
"21/04/2026, 16:35", 347.7, 344.6, 42.5
"21/04/2026, 16:40", 333.8, 329.9, 42.7
"21/04/2026, 16:45", 414.1, 412.0, 43.2
"21/04/2026, 16:50", 380.7, 378.1, 43.1
"21/04/2026, 16:55", 390.0, 386.6, 42.4
"21/04/2026, 17:00", 236.1, 233.6, 40.2
"21/04/2026, 17:05", 193.9, 190.5, 40.6
"21/04/2026, 17:10", 230.7, 227.8, 40.3
"21/04/2026, 17:15", 166.2, 163.9, 40.9
"21/04/2026, 17:20", 152.9, 150.5, 41.7
"21/04/2026, 17:25", 163.7, 160.3, 40.5
"21/04/2026, 17:30", 185.8, 182.1, 40.8
"21/04/2026, 17:35", 200.8, 198.5, 40.5
"21/04/2026, 17:40", 161.3, 158.2, 40.3
"21/04/2026, 17:45", 222.5, 218.7, 40.2
"21/04/2026, 17:50", 174.6, 171.5, 41.0
"21/04/2026, 17:55", 172.0, 169.6, 41.1
"21/04/2026, 18:00", 0.0, 0.0, 40.9
"21/04/2026, 18:05", 37.6, 34.7, 40.3
"21/04/2026, 18:10", 0.0, 0.0, 40.6
"21/04/2026, 18:15", 1.0, 0.0, 41.5
"21/04/2026, 18:20", 30.7, 27.1, 41.2
"21/04/2026, 18:25", 3.7, 1.1, 40.3
"21/04/2026, 18:30", 26.6, 24.0, 40.5
"21/04/2026, 18:35", 35.0, 32.3, 41.6
"21/04/2026, 18:40", 0.0, 0.0, 41.5
"21/04/2026, 18:45", 0.0, 0.0, 40.5
"21/04/2026, 18:50", 0.0, 0.0, 40.6
"21/04/2026, 18:55", 0.0, 0.0, 41.4
"21/04/2026, 19:00", 0.0, 0.0, 41.0
"21/04/2026, 19:05", 0.0, 0.0, 41.5
"21/04/2026, 19:10", 0.0, 0.0, 40.9
"21/04/2026, 19:15", 0.0, 0.0, 41.8
"21/04/2026, 19:20", 0.0, 0.0, 40.3
"21/04/2026, 19:25", 0.0, 0.0, 41.5
"21/04/2026, 19:30", 18.4, 15.4, 41.6
"21/04/2026, 19:35", 40.2, 38.1, 40.6
"21/04/2026, 19:40", 0.0, 0.0, 41.1
"21/04/2026, 19:45", 0.0, 0.0, 41.3
"21/04/2026, 19:50", 0.0, 0.0, 40.4
"21/04/2026, 19:55", 17.8, 15.0, 41.0
"21/04/2026, 20:00", 45.3, 42.2, 40.7
"21/04/2026, 20:05", 0.0, 0.0, 41.6
"21/04/2026, 20:10", 5.1, 3.0, 41.4
"21/04/2026, 20:15", 0.0, 0.0, 41.0
"21/04/2026, 20:20", 2.7, 0.0, 41.4
"21/04/2026, 20:25", 0.0, 0.0, 41.6
"21/04/2026, 20:30", 0.0, 0.0, 41.7
"21/04/2026, 20:35", 0.0, 0.0, 40.8
"21/04/2026, 20:40", 2.0, 0.0, 40.2
"21/04/2026, 20:45", 0.0, 0.0, 40.5
"21/04/2026, 20:50", 30.0, 27.3, 41.3
"21/04/2026, 20:55", 28.3, 25.6, 40.8
"21/04/2026, 21:00", 34.4, 31.5, 41.6
"21/04/2026, 21:05", 25.1, 22.3, 40.4
"21/04/2026, 21:10", 0.0, 0.0, 41.3
"21/04/2026, 21:15", 26.9, 23.0, 41.5
"21/04/2026, 21:20", 19.0, 16.0, 41.7
"21/04/2026, 21:25", 0.0, 0.0, 41.8
"21/04/2026, 21:30", 0.0, 0.0, 41.4
"21/04/2026, 21:35", 10.5, 7.3, 41.6
"21/04/2026, 21:40", 10.5, 7.8, 40.8
"21/04/2026, 21:45", 10.8, 8.0, 41.5
"21/04/2026, 21:50", 0.0, 0.0, 41.0
"21/04/2026, 21:55", 0.0, 0.0, 40.6
"21/04/2026, 22:00", 20.0, 16.3, 41.1
"21/04/2026, 22:05", 49.8, 47.2, 41.3
"21/04/2026, 22:10", 1.1, 0.0, 41.8
"21/04/2026, 22:15", 0.0, 0.0, 40.4
"21/04/2026, 22:20", 0.0, 0.0, 40.7
"21/04/2026, 22:25", 0.0, 0.0, 41.7
"21/04/2026, 22:30", 0.0, 0.0, 41.2
"21/04/2026, 22:35", 43.7, 40.1, 40.9
"21/04/2026, 22:40", 0.0, 0.0, 40.8
"21/04/2026, 22:45", 0.0, 0.0, 41.2
"21/04/2026, 22:50", 0.0, 0.0, 41.6
"21/04/2026, 22:55", 0.0, 0.0, 40.5
"21/04/2026, 23:00", 32.1, 29.5, 41.5
"21/04/2026, 23:05", 14.1, 10.5, 40.3
"21/04/2026, 23:10", 0.0, 0.0, 41.1
"21/04/2026, 23:15", 0.0, 0.0, 41.0
"21/04/2026, 23:20", 27.0, 23.8, 41.5
"21/04/2026, 23:25", 0.0, 0.0, 40.3
"21/04/2026, 23:30", 40.4, 37.2, 41.2
"21/04/2026, 23:35", 39.3, 35.9, 41.2
"21/04/2026, 23:40", 0.0, 0.0, 41.2
"21/04/2026, 23:45", 0.0, 0.0, 41.1
"21/04/2026, 23:50", 0.0, 0.0, 40.4
"21/04/2026, 23:55", 37.1, 33.5, 41.3
"22/04/2026, 00:00", 41.5, 39.3, 41.8
"22/04/2026, 00:05", 0.0, 0.0, 41.6
"22/04/2026, 00:10", 0.0, 0.0, 40.4
"22/04/2026, 00:15", 6.5, 2.9, 41.7
"22/04/2026, 00:20", 0.0, 0.0, 41.8
"22/04/2026, 00:25", 31.9, 29.7, 40.8
"22/04/2026, 00:30", 0.0, 0.0, 40.9
"22/04/2026, 00:35", 0.0, 0.0, 41.2
"22/04/2026, 00:40", 18.2, 15.8, 40.7
"22/04/2026, 00:45", 22.3, 18.8, 41.8
"22/04/2026, 00:50", 0.0, 0.0, 40.4
"22/04/2026, 00:55", 0.0, 0.0, 41.3
"22/04/2026, 01:00", 36.7, 33.3, 40.4
"22/04/2026, 01:05", 0.0, 0.0, 40.3
"22/04/2026, 01:10", 40.3, 36.4, 41.4
"22/04/2026, 01:15", 40.9, 37.7, 41.4
"22/04/2026, 01:20", 0.0, 0.0, 41.4
"22/04/2026, 01:25", 0.0, 0.0, 40.6
"22/04/2026, 01:30", 49.2, 46.2, 41.7
"22/04/2026, 01:35", 12.2, 8.6, 40.8
"22/04/2026, 01:40", 0.0, 0.0, 41.0
"22/04/2026, 01:45", 0.0, 0.0, 40.7
"22/04/2026, 01:50", 0.0, 0.0, 40.7
"22/04/2026, 01:55", 0.0, 0.0, 40.3
"22/04/2026, 02:00", 0.0, 0.0, 40.6
"22/04/2026, 02:05", 0.0, 0.0, 40.4
"22/04/2026, 02:10", 0.0, 0.0, 41.3
"22/04/2026, 02:15", 0.0, 0.0, 40.7
"22/04/2026, 02:20", 0.0, 0.0, 41.6
"22/04/2026, 02:25", 0.0, 0.0, 41.8
"22/04/2026, 02:30", 0.0, 0.0, 41.7
"22/04/2026, 02:35", 0.0, 0.0, 40.8
"22/04/2026, 02:40", 29.4, 25.4, 41.3
"22/04/2026, 02:45", 0.0, 0.0, 40.7
"22/04/2026, 02:50", 44.8, 41.2, 40.9
"22/04/2026, 02:55", 0.0, 0.0, 40.8
"22/04/2026, 03:00", 0.0, 0.0, 40.9
"22/04/2026, 03:05", 21.3, 18.4, 40.2
"22/04/2026, 03:10", 39.3, 36.0, 40.5
"22/04/2026, 03:15", 0.0, 0.0, 40.6
"22/04/2026, 03:20", 4.8, 1.7, 41.1
"22/04/2026, 03:25", 0.0, 0.0, 40.8
"22/04/2026, 03:30", 0.0, 0.0, 40.4
"22/04/2026, 03:35", 42.2, 38.3, 40.9
"22/04/2026, 03:40", 36.8, 34.5, 41.8
"22/04/2026, 03:45", 0.0, 0.0, 40.6
"22/04/2026, 03:50", 0.0, 0.0, 41.5
"22/04/2026, 03:55", 33.0, 29.1, 41.7
"22/04/2026, 04:00", 0.0, 0.0, 40.6
"22/04/2026, 04:05", 22.6, 19.9, 40.6
"22/04/2026, 04:10", 46.4, 42.7, 40.7
"22/04/2026, 04:15", 15.8, 12.7, 40.5
"22/04/2026, 04:20", 0.0, 0.0, 40.9
"22/04/2026, 04:25", 0.0, 0.0, 41.5
"22/04/2026, 04:30", 0.0, 0.0, 40.6
"22/04/2026, 04:35", 24.7, 22.3, 41.0
"22/04/2026, 04:40", 33.6, 30.2, 40.4
"22/04/2026, 04:45", 0.0, 0.0, 41.5
"22/04/2026, 04:50", 0.0, 0.0, 41.1
"22/04/2026, 04:55", 0.0, 0.0, 41.7
"22/04/2026, 05:00", 0.0, 0.0, 41.3
"22/04/2026, 05:05", 14.7, 12.5, 40.5
"22/04/2026, 05:10", 0.0, 0.0, 40.2
"22/04/2026, 05:15", 5.0, 2.6, 40.8
"22/04/2026, 05:20", 17.1, 14.5, 40.7
"22/04/2026, 05:25", 0.0, 0.0, 41.7
"22/04/2026, 05:30", 47.8, 44.3, 41.6
"22/04/2026, 05:35", 16.9, 14.8, 40.8
"22/04/2026, 05:40", 3.6, 0.4, 40.3
"22/04/2026, 05:45", 3.5, 0.2, 40.5
"22/04/2026, 05:50", 23.0, 20.7, 41.3
"22/04/2026, 05:55", 0.0, 0.0, 40.8
"22/04/2026, 06:00", 30.8, 27.8, 40.9
"22/04/2026, 06:05", 40.8, 38.5, 41.5
"22/04/2026, 06:10", 33.0, 30.3, 40.3
"22/04/2026, 06:15", 22.5, 20.1, 41.2
"22/04/2026, 06:20", 33.4, 31.3, 40.6
"22/04/2026, 06:25", 0.0, 0.0, 41.4
"22/04/2026, 06:30", 0.0, 0.0, 41.1
"22/04/2026, 06:35", 8.4, 5.1, 41.1
"22/04/2026, 06:40", 0.0, 0.0, 41.2
"22/04/2026, 06:45", 28.9, 25.6, 40.2
"22/04/2026, 06:50", 0.0, 0.0, 41.3
"22/04/2026, 06:55", 0.0, 0.0, 41.5
"22/04/2026, 07:00", 0.0, 0.0, 40.2
"22/04/2026, 07:05", 41.7, 38.3, 41.6
"22/04/2026, 07:10", 0.0, 0.0, 41.8
"22/04/2026, 07:15", 19.1, 17.0, 41.3
"22/04/2026, 07:20", 29.1, 26.9, 41.3
"22/04/2026, 07:25", 4.3, 1.8, 40.9
"22/04/2026, 07:30", 29.1, 26.3, 41.6
"22/04/2026, 07:35", 0.0, 0.0, 41.7
"22/04/2026, 07:40", 29.3, 25.9, 41.8
"22/04/2026, 07:45", 4.9, 1.5, 40.7
"22/04/2026, 07:50", 44.3, 41.9, 41.0
"22/04/2026, 07:55", 0.0, 0.0, 41.5
"22/04/2026, 08:00", 167.5, 165.2, 40.8
"22/04/2026, 08:05", 233.1, 230.3, 41.5
"22/04/2026, 08:10", 211.1, 207.4, 40.9
"22/04/2026, 08:15", 156.1, 152.7, 41.0
"22/04/2026, 08:20", 218.5, 215.4, 41.4
"22/04/2026, 08:25", 205.6, 201.7, 41.3
"22/04/2026, 08:30", 154.2, 151.4, 41.3
"22/04/2026, 08:35", 182.2, 178.9, 41.6
"22/04/2026, 08:40", 212.1, 209.8, 40.8
"22/04/2026, 08:45", 148.1, 145.2, 40.5
"22/04/2026, 08:50", 210.3, 208.0, 40.7
"22/04/2026, 08:55", 223.3, 220.3, 40.3
"22/04/2026, 09:00", 361.4, 358.1, 41.4
"22/04/2026, 09:05", 392.0, 389.9, 41.6
"22/04/2026, 09:10", 361.8, 359.7, 40.9
"22/04/2026, 09:15", 366.2, 364.1, 40.8
"22/04/2026, 09:20", 364.9, 361.1, 40.4
"22/04/2026, 09:25", 343.6, 340.3, 40.6
"22/04/2026, 09:30", 337.7, 335.2, 41.5
"22/04/2026, 09:35", 332.8, 330.7, 40.4
"22/04/2026, 09:40", 361.4, 358.3, 41.1
"22/04/2026, 09:45", 425.1, 421.2, 40.7
"22/04/2026, 09:50", 375.4, 373.0, 40.8
"22/04/2026, 09:55", 370.0, 367.6, 40.7
"22/04/2026, 10:00", 514.1, 512.1, 42.7
"22/04/2026, 10:05", 518.5, 514.6, 43.0
"22/04/2026, 10:10", 494.4, 491.9, 42.9
"22/04/2026, 10:15", 513.8, 511.2, 42.6
"22/04/2026, 10:20", 489.9, 487.9, 42.4
"22/04/2026, 10:25", 515.3, 511.4, 43.5
"22/04/2026, 10:30", 563.9, 560.4, 43.6
"22/04/2026, 10:35", 554.9, 552.5, 43.0
"22/04/2026, 10:40", 578.1, 575.8, 43.3
"22/04/2026, 10:45", 519.5, 516.6, 42.2
"22/04/2026, 10:50", 530.8, 527.2, 43.6
"22/04/2026, 10:55", 532.0, 529.3, 42.7
"22/04/2026, 11:00", 609.9, 607.4, 43.6
"22/04/2026, 11:05", 651.5, 648.8, 43.5
"22/04/2026, 11:10", 645.5, 641.7, 42.4
"22/04/2026, 11:15", 647.4, 644.8, 43.3
"22/04/2026, 11:20", 593.4, 589.7, 43.0
"22/04/2026, 11:25", 659.2, 656.7, 43.7
"22/04/2026, 11:30", 604.1, 601.3, 43.1
"22/04/2026, 11:35", 631.2, 627.4, 43.0
"22/04/2026, 11:40", 675.7, 673.0, 42.6
"22/04/2026, 11:45", 625.0, 621.9, 43.7
"22/04/2026, 11:50", 684.7, 681.9, 42.4
"22/04/2026, 11:55", 648.3, 644.8, 43.8
"22/04/2026, 12:00", 689.3, 686.9, 43.8
"22/04/2026, 12:05", 678.7, 675.1, 43.4
"22/04/2026, 12:10", 660.9, 657.2, 42.5
"22/04/2026, 12:15", 677.6, 674.9, 43.4
"22/04/2026, 12:20", 704.8, 701.3, 42.3
"22/04/2026, 12:25", 676.1, 672.9, 43.7
"22/04/2026, 12:30", 683.0, 679.4, 42.9
"22/04/2026, 12:35", 704.2, 700.9, 42.5
"22/04/2026, 12:40", 681.4, 678.0, 43.3
"22/04/2026, 12:45", 717.7, 715.2, 42.5
"22/04/2026, 12:50", 700.0, 697.7, 42.7
"22/04/2026, 12:55", 714.5, 711.2, 43.5
"22/04/2026, 13:00", 688.3, 684.5, 43.1
"22/04/2026, 13:05", 690.7, 688.3, 42.5
"22/04/2026, 13:10", 713.1, 710.2, 43.6
"22/04/2026, 13:15", 657.1, 654.1, 42.5
"22/04/2026, 13:20", 643.8, 640.6, 42.4
"22/04/2026, 13:25", 677.3, 673.7, 43.6
"22/04/2026, 13:30", 709.4, 706.4, 43.3
"22/04/2026, 13:35", 734.4, 731.5, 43.6
"22/04/2026, 13:40", 713.4, 711.3, 43.6
"22/04/2026, 13:45", 724.7, 722.7, 42.8
"22/04/2026, 13:50", 664.5, 662.4, 43.1
"22/04/2026, 13:55", 657.2, 654.8, 42.2
"22/04/2026, 14:00", 660.3, 658.0, 43.1
"22/04/2026, 14:05", 607.6, 604.0, 42.3
"22/04/2026, 14:10", 655.0, 651.9, 42.8
"22/04/2026, 14:15", 622.6, 619.1, 42.9
"22/04/2026, 14:20", 656.9, 653.4, 43.8
"22/04/2026, 14:25", 608.3, 606.3, 43.0
"22/04/2026, 14:30", 667.9, 664.7, 43.2
"22/04/2026, 14:35", 660.5, 656.9, 42.8
"22/04/2026, 14:40", 646.3, 642.5, 43.2
"22/04/2026, 14:45", 630.3, 628.0, 42.7
"22/04/2026, 14:50", 610.9, 608.1, 42.6
"22/04/2026, 14:55", 632.5, 629.2, 42.7
"22/04/2026, 15:00", 515.3, 512.4, 42.8
"22/04/2026, 15:05", 536.3, 534.3, 43.0
"22/04/2026, 15:10", 499.3, 496.3, 43.2
"22/04/2026, 15:15", 550.4, 548.0, 42.7
"22/04/2026, 15:20", 521.5, 518.0, 42.5
"22/04/2026, 15:25", 569.3, 566.8, 42.3
"22/04/2026, 15:30", 484.7, 481.9, 43.8
"22/04/2026, 15:35", 530.7, 528.2, 43.3
"22/04/2026, 15:40", 558.9, 556.7, 43.0
"22/04/2026, 15:45", 522.7, 519.4, 43.3
"22/04/2026, 15:50", 574.8, 571.0, 42.4
"22/04/2026, 15:55", 525.7, 522.3, 43.6
"22/04/2026, 16:00", 360.5, 357.6, 42.7
"22/04/2026, 16:05", 342.6, 338.6, 42.7
"22/04/2026, 16:10", 356.4, 354.0, 43.6
"22/04/2026, 16:15", 350.9, 347.8, 43.5
"22/04/2026, 16:20", 427.7, 425.4, 43.3
"22/04/2026, 16:25", 352.0, 349.5, 43.1
"22/04/2026, 16:30", 353.4, 350.0, 42.5
"22/04/2026, 16:35", 352.2, 349.5, 43.0
"22/04/2026, 16:40", 365.5, 362.5, 42.5
"22/04/2026, 16:45", 333.5, 330.2, 42.4
"22/04/2026, 16:50", 413.7, 410.4, 42.6
"22/04/2026, 16:55", 347.4, 343.4, 42.8
"22/04/2026, 17:00", 242.9, 240.0, 41.2
"22/04/2026, 17:05", 238.4, 234.9, 41.7
"22/04/2026, 17:10", 226.9, 223.2, 41.3
"22/04/2026, 17:15", 209.6, 206.2, 40.6
"22/04/2026, 17:20", 218.9, 215.3, 40.7
"22/04/2026, 17:25", 206.4, 203.2, 41.4
"22/04/2026, 17:30", 155.8, 152.9, 41.5
"22/04/2026, 17:35", 185.6, 182.8, 41.1
"22/04/2026, 17:40", 189.1, 187.0, 40.8
"22/04/2026, 17:45", 204.7, 202.5, 40.6
"22/04/2026, 17:50", 174.2, 171.9, 40.3
"22/04/2026, 17:55", 225.1, 222.4, 40.7
"22/04/2026, 18:00", 0.0, 0.0, 41.4
"22/04/2026, 18:05", 18.2, 16.1, 40.5
"22/04/2026, 18:10", 0.0, 0.0, 40.2
"22/04/2026, 18:15", 12.6, 9.5, 41.4
"22/04/2026, 18:20", 11.6, 7.9, 41.6
"22/04/2026, 18:25", 46.0, 43.9, 41.1
"22/04/2026, 18:30", 0.0, 0.0, 41.1
"22/04/2026, 18:35", 12.3, 8.6, 41.2
"22/04/2026, 18:40", 2.7, 0.0, 40.4
"22/04/2026, 18:45", 37.2, 34.0, 40.7
"22/04/2026, 18:50", 0.0, 0.0, 41.6
"22/04/2026, 18:55", 12.3, 9.1, 41.5
"22/04/2026, 19:00", 3.2, 0.5, 41.3
"22/04/2026, 19:05", 0.0, 0.0, 40.9
"22/04/2026, 19:10", 0.0, 0.0, 41.3
"22/04/2026, 19:15", 0.0, 0.0, 40.5
"22/04/2026, 19:20", 0.0, 0.0, 40.5
"22/04/2026, 19:25", 45.3, 43.1, 40.5
"22/04/2026, 19:30", 0.0, 0.0, 40.3
"22/04/2026, 19:35", 41.7, 39.5, 41.1
"22/04/2026, 19:40", 0.0, 0.0, 41.4
"22/04/2026, 19:45", 0.0, 0.0, 40.4
"22/04/2026, 19:50", 0.0, 0.0, 40.8
"22/04/2026, 19:55", 6.5, 4.4, 41.6
"22/04/2026, 20:00", 0.0, 0.0, 40.8
"22/04/2026, 20:05", 43.6, 40.8, 40.6
"22/04/2026, 20:10", 0.0, 0.0, 40.4
"22/04/2026, 20:15", 6.6, 3.0, 40.5
"22/04/2026, 20:20", 36.5, 33.4, 40.7
"22/04/2026, 20:25", 0.0, 0.0, 40.8
"22/04/2026, 20:30", 24.5, 21.9, 40.4
"22/04/2026, 20:35", 0.0, 0.0, 41.5
"22/04/2026, 20:40", 45.1, 41.1, 40.6
"22/04/2026, 20:45", 36.1, 33.9, 41.7
"22/04/2026, 20:50", 0.0, 0.0, 41.1
"22/04/2026, 20:55", 0.0, 0.0, 41.6
"22/04/2026, 21:00", 30.4, 27.4, 41.3
"22/04/2026, 21:05", 0.0, 0.0, 40.5
"22/04/2026, 21:10", 46.8, 44.2, 40.3
"22/04/2026, 21:15", 0.0, 0.0, 40.9
"22/04/2026, 21:20", 30.8, 28.4, 40.8
"22/04/2026, 21:25", 0.0, 0.0, 40.3
"22/04/2026, 21:30", 0.0, 0.0, 41.3
"22/04/2026, 21:35", 24.1, 21.4, 40.3
"22/04/2026, 21:40", 25.1, 21.5, 41.4
"22/04/2026, 21:45", 30.9, 28.1, 40.8
"22/04/2026, 21:50", 11.3, 7.9, 40.6
"22/04/2026, 21:55", 33.3, 30.4, 40.3
"22/04/2026, 22:00", 0.0, 0.0, 40.7
"22/04/2026, 22:05", 27.9, 24.2, 41.1
"22/04/2026, 22:10", 0.0, 0.0, 40.6
"22/04/2026, 22:15", 0.0, 0.0, 41.0
"22/04/2026, 22:20", 2.6, 0.0, 40.9
"22/04/2026, 22:25", 1.2, 0.0, 41.2
"22/04/2026, 22:30", 0.0, 0.0, 40.2
"22/04/2026, 22:35", 4.1, 0.4, 41.3
"22/04/2026, 22:40", 19.9, 16.4, 41.7
"22/04/2026, 22:45", 28.3, 24.7, 41.1
"22/04/2026, 22:50", 0.0, 0.0, 40.6
"22/04/2026, 22:55", 0.0, 0.0, 41.2
"22/04/2026, 23:00", 0.0, 0.0, 40.5
"22/04/2026, 23:05", 0.0, 0.0, 40.7
"22/04/2026, 23:10", 0.0, 0.0, 40.2
"22/04/2026, 23:15", 37.5, 34.6, 41.2
"22/04/2026, 23:20", 0.0, 0.0, 40.5
"22/04/2026, 23:25", 17.3, 14.8, 41.5
"22/04/2026, 23:30", 0.0, 0.0, 41.2
"22/04/2026, 23:35", 0.0, 0.0, 40.3
"22/04/2026, 23:40", 31.8, 29.4, 40.8
"22/04/2026, 23:45", 0.0, 0.0, 40.4
"22/04/2026, 23:50", 0.0, 0.0, 41.4
"22/04/2026, 23:55", 0.0, 0.0, 40.9
"23/04/2026, 00:00", 0.0, 0.0, 41.5
"23/04/2026, 00:05", 22.1, 18.1, 41.0
"23/04/2026, 00:10", 0.0, 0.0, 41.6
"23/04/2026, 00:15", 40.8, 38.8, 41.7
"23/04/2026, 00:20", 0.0, 0.0, 41.5
"23/04/2026, 00:25", 0.0, 0.0, 41.2
"23/04/2026, 00:30", 22.2, 20.0, 40.7
"23/04/2026, 00:35", 30.0, 27.4, 41.4
"23/04/2026, 00:40", 3.0, 0.0, 41.5
"23/04/2026, 00:45", 43.8, 40.8, 40.3
"23/04/2026, 00:50", 0.0, 0.0, 40.8
"23/04/2026, 00:55", 0.0, 0.0, 41.4
"23/04/2026, 01:00", 36.6, 34.5, 41.8
"23/04/2026, 01:05", 0.0, 0.0, 40.9
"23/04/2026, 01:10", 0.0, 0.0, 40.6
"23/04/2026, 01:15", 0.0, 0.0, 40.5
"23/04/2026, 01:20", 42.2, 38.4, 40.3
"23/04/2026, 01:25", 0.0, 0.0, 41.7
"23/04/2026, 01:30", 0.0, 0.0, 41.0
"23/04/2026, 01:35", 42.9, 40.5, 40.8
"23/04/2026, 01:40", 0.0, 0.0, 41.8
"23/04/2026, 01:45", 8.3, 6.0, 41.6
"23/04/2026, 01:50", 37.4, 34.4, 41.1
"23/04/2026, 01:55", 7.0, 3.0, 41.4
"23/04/2026, 02:00", 0.0, 0.0, 40.5
"23/04/2026, 02:05", 47.2, 43.6, 40.5
"23/04/2026, 02:10", 31.0, 27.1, 41.2
"23/04/2026, 02:15", 0.0, 0.0, 41.8
"23/04/2026, 02:20", 0.0, 0.0, 40.7
"23/04/2026, 02:25", 35.9, 33.4, 41.6
"23/04/2026, 02:30", 0.0, 0.0, 41.8
"23/04/2026, 02:35", 0.0, 0.0, 40.3
"23/04/2026, 02:40", 49.5, 45.8, 40.3
"23/04/2026, 02:45", 0.0, 0.0, 41.2
"23/04/2026, 02:50", 27.5, 24.7, 40.8
"23/04/2026, 02:55", 0.0, 0.0, 40.5
"23/04/2026, 03:00", 0.0, 0.0, 41.2
"23/04/2026, 03:05", 31.3, 27.7, 41.2
"23/04/2026, 03:10", 20.4, 18.0, 40.8
"23/04/2026, 03:15", 20.2, 17.6, 41.4
"23/04/2026, 03:20", 6.9, 2.9, 40.4
"23/04/2026, 03:25", 49.2, 46.9, 41.6
"23/04/2026, 03:30", 8.7, 6.5, 41.3
"23/04/2026, 03:35", 0.0, 0.0, 40.9
"23/04/2026, 03:40", 0.0, 0.0, 41.2
"23/04/2026, 03:45", 43.1, 40.5, 40.4
"23/04/2026, 03:50", 35.7, 32.4, 41.8
"23/04/2026, 03:55", 30.7, 27.5, 41.4
"23/04/2026, 04:00", 0.0, 0.0, 40.2
"23/04/2026, 04:05", 0.0, 0.0, 40.3
"23/04/2026, 04:10", 0.0, 0.0, 41.8
"23/04/2026, 04:15", 8.5, 5.7, 40.3
"23/04/2026, 04:20", 0.0, 0.0, 41.6
"23/04/2026, 04:25", 0.0, 0.0, 40.6
"23/04/2026, 04:30", 7.8, 5.0, 40.3
"23/04/2026, 04:35", 29.3, 26.6, 41.3
"23/04/2026, 04:40", 0.0, 0.0, 40.6
"23/04/2026, 04:45", 0.0, 0.0, 40.4
"23/04/2026, 04:50", 0.0, 0.0, 40.6
"23/04/2026, 04:55", 0.0, 0.0, 41.4
"23/04/2026, 05:00", 0.0, 0.0, 40.6
"23/04/2026, 05:05", 0.0, 0.0, 40.5
"23/04/2026, 05:10", 6.6, 2.9, 41.7
"23/04/2026, 05:15", 38.3, 35.8, 41.4
"23/04/2026, 05:20", 0.0, 0.0, 41.0
"23/04/2026, 05:25", 15.8, 13.3, 40.3
"23/04/2026, 05:30", 29.5, 27.2, 40.8
"23/04/2026, 05:35", 0.0, 0.0, 40.8
"23/04/2026, 05:40", 24.1, 20.8, 41.5
"23/04/2026, 05:45", 30.4, 27.7, 41.4
"23/04/2026, 05:50", 0.0, 0.0, 41.6
"23/04/2026, 05:55", 0.0, 0.0, 40.7
"23/04/2026, 06:00", 12.4, 10.3, 40.2
"23/04/2026, 06:05", 34.6, 32.3, 41.3
"23/04/2026, 06:10", 0.0, 0.0, 40.3
"23/04/2026, 06:15", 0.0, 0.0, 41.7
"23/04/2026, 06:20", 9.1, 6.3, 40.9
"23/04/2026, 06:25", 0.0, 0.0, 40.8
"23/04/2026, 06:30", 19.3, 16.7, 41.1
"23/04/2026, 06:35", 43.3, 39.8, 41.4
"23/04/2026, 06:40", 0.0, 0.0, 40.7
"23/04/2026, 06:45", 4.1, 0.5, 41.4
"23/04/2026, 06:50", 0.0, 0.0, 41.3
"23/04/2026, 06:55", 0.0, 0.0, 41.4
"23/04/2026, 07:00", 14.9, 12.7, 41.4
"23/04/2026, 07:05", 28.1, 24.8, 40.5
"23/04/2026, 07:10", 15.4, 12.6, 41.4
"23/04/2026, 07:15", 41.9, 39.4, 40.4
"23/04/2026, 07:20", 6.0, 2.3, 41.1
"23/04/2026, 07:25", 36.1, 32.5, 40.4
"23/04/2026, 07:30", 12.8, 9.2, 41.4
"23/04/2026, 07:35", 0.0, 0.0, 40.8
"23/04/2026, 07:40", 11.1, 8.2, 41.7
"23/04/2026, 07:45", 0.0, 0.0, 40.5
"23/04/2026, 07:50", 0.0, 0.0, 41.3
"23/04/2026, 07:55", 0.0, 0.0, 40.6
"23/04/2026, 08:00", 244.1, 241.7, 41.5
"23/04/2026, 08:05", 189.6, 186.6, 41.2
"23/04/2026, 08:10", 150.7, 147.4, 41.7
"23/04/2026, 08:15", 214.3, 211.1, 40.4
"23/04/2026, 08:20", 192.0, 189.5, 40.3
"23/04/2026, 08:25", 201.5, 198.0, 40.2
"23/04/2026, 08:30", 207.3, 205.1, 40.3
"23/04/2026, 08:35", 216.5, 212.8, 41.0
"23/04/2026, 08:40", 204.6, 201.2, 41.7
"23/04/2026, 08:45", 221.8, 218.9, 41.5
"23/04/2026, 08:50", 201.8, 198.6, 41.2
"23/04/2026, 08:55", 149.8, 145.9, 41.5
"23/04/2026, 09:00", 378.4, 376.1, 40.7
"23/04/2026, 09:05", 366.8, 364.8, 40.5
"23/04/2026, 09:10", 358.1, 354.9, 40.7
"23/04/2026, 09:15", 408.3, 405.8, 40.4
"23/04/2026, 09:20", 330.7, 326.8, 40.8
"23/04/2026, 09:25", 347.5, 344.3, 40.2
"23/04/2026, 09:30", 384.6, 381.7, 41.6
"23/04/2026, 09:35", 344.6, 341.7, 40.2
"23/04/2026, 09:40", 394.9, 391.5, 41.5
"23/04/2026, 09:45", 354.9, 352.5, 41.2
"23/04/2026, 09:50", 410.9, 408.9, 41.1
"23/04/2026, 09:55", 406.4, 402.4, 40.9
"23/04/2026, 10:00", 491.1, 489.0, 42.9
"23/04/2026, 10:05", 485.4, 482.8, 43.1
"23/04/2026, 10:10", 564.9, 561.8, 42.8
"23/04/2026, 10:15", 520.6, 517.6, 42.5
"23/04/2026, 10:20", 526.1, 522.4, 43.2
"23/04/2026, 10:25", 493.8, 490.9, 43.2
"23/04/2026, 10:30", 562.8, 559.9, 43.0
"23/04/2026, 10:35", 538.2, 535.6, 43.7
"23/04/2026, 10:40", 481.1, 477.9, 43.7
"23/04/2026, 10:45", 524.0, 521.8, 43.7
"23/04/2026, 10:50", 560.6, 557.9, 42.5
"23/04/2026, 10:55", 572.5, 568.6, 43.3
"23/04/2026, 11:00", 610.9, 608.4, 43.6
"23/04/2026, 11:05", 601.7, 599.1, 43.5
"23/04/2026, 11:10", 586.9, 583.9, 43.3
"23/04/2026, 11:15", 678.1, 674.2, 43.3
"23/04/2026, 11:20", 632.3, 629.8, 42.5
"23/04/2026, 11:25", 649.8, 646.6, 43.1
"23/04/2026, 11:30", 620.6, 617.0, 42.4
"23/04/2026, 11:35", 610.9, 608.0, 42.9
"23/04/2026, 11:40", 621.2, 618.7, 43.7
"23/04/2026, 11:45", 611.7, 609.1, 43.1
"23/04/2026, 11:50", 679.8, 676.6, 43.7
"23/04/2026, 11:55", 676.2, 674.1, 42.5
"23/04/2026, 12:00", 649.4, 646.9, 43.8
"23/04/2026, 12:05", 676.5, 673.4, 42.9
"23/04/2026, 12:10", 732.4, 729.7, 42.7
"23/04/2026, 12:15", 707.5, 704.3, 42.8
"23/04/2026, 12:20", 729.0, 725.1, 43.5
"23/04/2026, 12:25", 661.2, 657.3, 42.8
"23/04/2026, 12:30", 727.0, 723.1, 43.0
"23/04/2026, 12:35", 660.2, 656.4, 43.5
"23/04/2026, 12:40", 726.6, 723.6, 43.7
"23/04/2026, 12:45", 651.9, 649.7, 43.0
"23/04/2026, 12:50", 661.8, 658.1, 42.4
"23/04/2026, 12:55", 656.8, 654.7, 43.3
"23/04/2026, 13:00", 742.8, 740.4, 42.4
"23/04/2026, 13:05", 688.0, 685.7, 42.8
"23/04/2026, 13:10", 725.3, 723.2, 42.7
"23/04/2026, 13:15", 696.5, 692.9, 42.9
"23/04/2026, 13:20", 649.2, 645.4, 43.6
"23/04/2026, 13:25", 660.8, 657.2, 43.7
"23/04/2026, 13:30", 650.8, 648.7, 42.4
"23/04/2026, 13:35", 678.1, 676.1, 42.5
"23/04/2026, 13:40", 653.5, 650.3, 43.5
"23/04/2026, 13:45", 735.5, 733.0, 42.3
"23/04/2026, 13:50", 700.0, 696.7, 43.7
"23/04/2026, 13:55", 694.1, 690.6, 42.2
"23/04/2026, 14:00", 674.6, 671.0, 43.1
"23/04/2026, 14:05", 668.7, 665.7, 43.4
"23/04/2026, 14:10", 655.6, 652.0, 43.7
"23/04/2026, 14:15", 589.3, 586.6, 42.9
"23/04/2026, 14:20", 652.4, 649.6, 43.0
"23/04/2026, 14:25", 614.8, 612.5, 42.8
"23/04/2026, 14:30", 626.3, 624.2, 42.4
"23/04/2026, 14:35", 627.7, 624.0, 43.5
"23/04/2026, 14:40", 620.8, 617.2, 43.5
"23/04/2026, 14:45", 667.6, 664.9, 42.4
"23/04/2026, 14:50", 656.7, 654.3, 42.6
"23/04/2026, 14:55", 677.2, 673.3, 42.4
"23/04/2026, 15:00", 549.8, 547.0, 42.8
"23/04/2026, 15:05", 506.2, 502.6, 42.6
"23/04/2026, 15:10", 486.6, 482.7, 43.8
"23/04/2026, 15:15", 500.9, 497.3, 43.2
"23/04/2026, 15:20", 519.3, 515.8, 42.2
"23/04/2026, 15:25", 506.1, 502.9, 43.1
"23/04/2026, 15:30", 554.4, 551.9, 43.4
"23/04/2026, 15:35", 513.6, 511.5, 42.4
"23/04/2026, 15:40", 557.9, 554.8, 43.0
"23/04/2026, 15:45", 531.7, 527.9, 43.3
"23/04/2026, 15:50", 518.6, 516.5, 42.4
"23/04/2026, 15:55", 483.0, 479.8, 43.5
"23/04/2026, 16:00", 370.9, 368.1, 42.7
"23/04/2026, 16:05", 382.6, 379.3, 43.5
"23/04/2026, 16:10", 369.3, 366.0, 43.6
"23/04/2026, 16:15", 406.5, 403.1, 43.5
"23/04/2026, 16:20", 397.8, 394.4, 43.4
"23/04/2026, 16:25", 356.9, 354.6, 43.1
"23/04/2026, 16:30", 354.4, 352.3, 42.8
"23/04/2026, 16:35", 329.4, 325.7, 42.6
"23/04/2026, 16:40", 384.5, 380.5, 43.2
"23/04/2026, 16:45", 363.8, 361.2, 43.5
"23/04/2026, 16:50", 342.9, 340.5, 43.1
"23/04/2026, 16:55", 333.2, 329.9, 42.3
"23/04/2026, 17:00", 246.1, 243.3, 41.3
"23/04/2026, 17:05", 237.1, 235.1, 41.2
"23/04/2026, 17:10", 242.6, 240.1, 41.6
"23/04/2026, 17:15", 184.3, 180.7, 41.7
"23/04/2026, 17:20", 163.4, 161.2, 40.3
"23/04/2026, 17:25", 183.2, 179.7, 41.0
"23/04/2026, 17:30", 185.7, 183.1, 41.5
"23/04/2026, 17:35", 178.2, 174.6, 41.3
"23/04/2026, 17:40", 194.0, 190.0, 41.5
"23/04/2026, 17:45", 209.3, 206.0, 40.9
"23/04/2026, 17:50", 167.0, 164.7, 41.2
"23/04/2026, 17:55", 179.8, 177.5, 40.5
"23/04/2026, 18:00", 45.5, 42.0, 40.3
"23/04/2026, 18:05", 0.0, 0.0, 40.4
"23/04/2026, 18:10", 10.9, 7.6, 40.4
"23/04/2026, 18:15", 0.0, 0.0, 40.4
"23/04/2026, 18:20", 0.0, 0.0, 40.6
"23/04/2026, 18:25", 0.0, 0.0, 41.7
"23/04/2026, 18:30", 44.1, 40.9, 40.5
"23/04/2026, 18:35", 0.0, 0.0, 40.3
"23/04/2026, 18:40", 0.0, 0.0, 40.4
"23/04/2026, 18:45", 0.0, 0.0, 40.9
"23/04/2026, 18:50", 0.0, 0.0, 41.2
"23/04/2026, 18:55", 0.0, 0.0, 41.1
"23/04/2026, 19:00", 10.8, 7.4, 41.7
"23/04/2026, 19:05", 12.2, 9.9, 40.3
"23/04/2026, 19:10", 2.9, 0.7, 41.7
"23/04/2026, 19:15", 39.6, 36.2, 40.3
"23/04/2026, 19:20", 0.0, 0.0, 41.3
"23/04/2026, 19:25", 32.9, 29.0, 40.4
"23/04/2026, 19:30", 21.6, 18.2, 41.6
"23/04/2026, 19:35", 3.7, 0.5, 41.2
"23/04/2026, 19:40", 5.3, 1.9, 41.3
"23/04/2026, 19:45", 0.0, 0.0, 41.8
"23/04/2026, 19:50", 0.0, 0.0, 40.9
"23/04/2026, 19:55", 0.0, 0.0, 40.8
"23/04/2026, 20:00", 41.1, 37.7, 40.3
"23/04/2026, 20:05", 14.9, 12.5, 40.6
"23/04/2026, 20:10", 10.6, 6.9, 41.3
"23/04/2026, 20:15", 0.0, 0.0, 40.9
"23/04/2026, 20:20", 19.1, 15.8, 40.4
"23/04/2026, 20:25", 15.2, 11.4, 41.7
"23/04/2026, 20:30", 0.0, 0.0, 41.6
"23/04/2026, 20:35", 27.9, 25.8, 40.8
"23/04/2026, 20:40", 0.0, 0.0, 41.2
"23/04/2026, 20:45", 5.0, 2.2, 40.2
"23/04/2026, 20:50", 18.4, 15.4, 41.7
"23/04/2026, 20:55", 0.0, 0.0, 40.7
"23/04/2026, 21:00", 0.0, 0.0, 41.6
"23/04/2026, 21:05", 42.0, 39.4, 40.4
"23/04/2026, 21:10", 0.0, 0.0, 40.5
"23/04/2026, 21:15", 13.5, 10.9, 41.4
"23/04/2026, 21:20", 0.0, 0.0, 41.1
"23/04/2026, 21:25", 26.1, 22.4, 41.0
"23/04/2026, 21:30", 5.2, 1.7, 41.3
"23/04/2026, 21:35", 33.9, 31.8, 41.4
"23/04/2026, 21:40", 0.0, 0.0, 40.5
"23/04/2026, 21:45", 0.0, 0.0, 41.6
"23/04/2026, 21:50", 47.4, 44.4, 40.4
"23/04/2026, 21:55", 0.0, 0.0, 41.4
"23/04/2026, 22:00", 43.7, 41.2, 41.3
"23/04/2026, 22:05", 0.4, 0.0, 41.3
"23/04/2026, 22:10", 5.7, 2.0, 40.3
"23/04/2026, 22:15", 0.0, 0.0, 40.5
"23/04/2026, 22:20", 6.9, 3.0, 41.3
"23/04/2026, 22:25", 24.9, 21.8, 40.5
"23/04/2026, 22:30", 38.6, 36.2, 40.2
"23/04/2026, 22:35", 0.0, 0.0, 40.3
"23/04/2026, 22:40", 15.1, 11.8, 41.0
"23/04/2026, 22:45", 30.4, 26.8, 41.2
"23/04/2026, 22:50", 19.0, 15.4, 40.5
"23/04/2026, 22:55", 0.0, 0.0, 40.7
"23/04/2026, 23:00", 45.9, 42.0, 40.6
"23/04/2026, 23:05", 0.0, 0.0, 40.3
"23/04/2026, 23:10", 6.6, 4.4, 41.2
"23/04/2026, 23:15", 0.0, 0.0, 41.3
"23/04/2026, 23:20", 15.0, 12.0, 41.0
"23/04/2026, 23:25", 40.6, 38.0, 40.3
"23/04/2026, 23:30", 36.6, 32.7, 41.4
"23/04/2026, 23:35", 33.2, 29.3, 41.1
"23/04/2026, 23:40", 4.3, 1.9, 41.1
"23/04/2026, 23:45", 44.3, 41.5, 40.5
"23/04/2026, 23:50", 0.0, 0.0, 41.4
"23/04/2026, 23:55", 0.0, 0.0, 40.6
"24/04/2026, 00:00", 0.0, 0.0, 40.3
"24/04/2026, 00:05", 0.0, 0.0, 41.8
"24/04/2026, 00:10", 11.3, 8.6, 41.3
"24/04/2026, 00:15", 0.0, 0.0, 41.2
"24/04/2026, 00:20", 0.0, 0.0, 41.2
"24/04/2026, 00:25", 33.1, 29.4, 41.7
"24/04/2026, 00:30", 0.0, 0.0, 40.5
"24/04/2026, 00:35", 0.0, 0.0, 40.9
"24/04/2026, 00:40", 37.9, 35.5, 41.6
"24/04/2026, 00:45", 0.0, 0.0, 41.4
"24/04/2026, 00:50", 37.3, 34.2, 40.5
"24/04/2026, 00:55", 0.0, 0.0, 40.7
"24/04/2026, 01:00", 0.0, 0.0, 40.4
"24/04/2026, 01:05", 0.0, 0.0, 41.4
"24/04/2026, 01:10", 0.0, 0.0, 40.3
"24/04/2026, 01:15", 2.4, 0.2, 40.9
"24/04/2026, 01:20", 6.9, 3.3, 41.3
"24/04/2026, 01:25", 14.7, 11.6, 40.9
"24/04/2026, 01:30", 37.3, 33.6, 40.7
"24/04/2026, 01:35", 6.8, 3.1, 40.5
"24/04/2026, 01:40", 42.5, 38.5, 41.2
"24/04/2026, 01:45", 0.0, 0.0, 40.8
"24/04/2026, 01:50", 28.1, 25.9, 41.2
"24/04/2026, 01:55", 0.0, 0.0, 40.6
"24/04/2026, 02:00", 0.6, 0.0, 40.3
"24/04/2026, 02:05", 22.0, 18.4, 41.7
"24/04/2026, 02:10", 0.0, 0.0, 40.2
"24/04/2026, 02:15", 23.7, 20.2, 41.1
"24/04/2026, 02:20", 29.9, 27.1, 40.6
"24/04/2026, 02:25", 0.0, 0.0, 40.5
"24/04/2026, 02:30", 30.8, 28.3, 41.2
"24/04/2026, 02:35", 8.2, 6.2, 40.9
"24/04/2026, 02:40", 0.0, 0.0, 41.0
"24/04/2026, 02:45", 48.9, 46.1, 40.6
"24/04/2026, 02:50", 24.1, 20.8, 41.2
"24/04/2026, 02:55", 49.1, 46.0, 40.4
"24/04/2026, 03:00", 18.8, 16.6, 41.7
"24/04/2026, 03:05", 25.9, 23.1, 40.8
"24/04/2026, 03:10", 27.7, 25.1, 41.1
"24/04/2026, 03:15", 35.4, 33.3, 40.4
"24/04/2026, 03:20", 0.0, 0.0, 41.4
"24/04/2026, 03:25", 0.0, 0.0, 41.3
"24/04/2026, 03:30", 29.9, 26.9, 41.3
"24/04/2026, 03:35", 0.0, 0.0, 41.6
"24/04/2026, 03:40", 31.6, 28.6, 40.8
"24/04/2026, 03:45", 1.3, 0.0, 41.0
"24/04/2026, 03:50", 0.0, 0.0, 40.3
"24/04/2026, 03:55", 35.2, 32.2, 40.3
"24/04/2026, 04:00", 0.0, 0.0, 40.2
"24/04/2026, 04:05", 32.1, 29.4, 41.6
"24/04/2026, 04:10", 0.0, 0.0, 41.3
"24/04/2026, 04:15", 0.0, 0.0, 40.9
"24/04/2026, 04:20", 3.5, 0.7, 41.4
"24/04/2026, 04:25", 6.1, 2.6, 41.1
"24/04/2026, 04:30", 21.6, 18.7, 40.7
"24/04/2026, 04:35", 12.8, 9.9, 40.7
"24/04/2026, 04:40", 14.4, 11.2, 40.9
"24/04/2026, 04:45", 30.4, 26.5, 40.5
"24/04/2026, 04:50", 0.0, 0.0, 40.4
"24/04/2026, 04:55", 0.0, 0.0, 40.2
"24/04/2026, 05:00", 30.8, 27.1, 41.6
"24/04/2026, 05:05", 42.3, 38.9, 40.5
"24/04/2026, 05:10", 6.4, 4.3, 40.5
"24/04/2026, 05:15", 13.2, 10.8, 41.1
"24/04/2026, 05:20", 0.0, 0.0, 41.3
"24/04/2026, 05:25", 0.0, 0.0, 40.4
"24/04/2026, 05:30", 40.5, 38.2, 40.5
"24/04/2026, 05:35", 0.0, 0.0, 41.0
"24/04/2026, 05:40", 28.3, 25.6, 41.3
"24/04/2026, 05:45", 3.3, 1.1, 40.6
"24/04/2026, 05:50", 1.8, 0.0, 41.2
"24/04/2026, 05:55", 9.6, 6.8, 41.6
"24/04/2026, 06:00", 49.8, 47.2, 40.7
"24/04/2026, 06:05", 34.6, 31.7, 41.7
"24/04/2026, 06:10", 0.0, 0.0, 41.5
"24/04/2026, 06:15", 0.0, 0.0, 40.4
"24/04/2026, 06:20", 18.6, 15.3, 40.3
"24/04/2026, 06:25", 2.2, 0.0, 40.4
"24/04/2026, 06:30", 0.0, 0.0, 41.3
"24/04/2026, 06:35", 39.7, 35.7, 40.7
"24/04/2026, 06:40", 28.9, 25.7, 40.7
"24/04/2026, 06:45", 8.7, 4.9, 41.4
"24/04/2026, 06:50", 0.0, 0.0, 40.9
"24/04/2026, 06:55", 37.6, 34.1, 41.7
"24/04/2026, 07:00", 49.2, 46.9, 40.8
"24/04/2026, 07:05", 0.0, 0.0, 40.3
"24/04/2026, 07:10", 0.0, 0.0, 40.8
"24/04/2026, 07:15", 0.0, 0.0, 40.3
"24/04/2026, 07:20", 0.0, 0.0, 41.5
"24/04/2026, 07:25", 23.6, 21.2, 41.3
"24/04/2026, 07:30", 38.4, 35.0, 41.2
"24/04/2026, 07:35", 0.0, 0.0, 41.7
"24/04/2026, 07:40", 0.0, 0.0, 40.8
"24/04/2026, 07:45", 43.0, 39.4, 40.5
"24/04/2026, 07:50", 39.9, 36.1, 40.5
"24/04/2026, 07:55", 21.1, 18.6, 40.3
"24/04/2026, 08:00", 198.8, 196.3, 41.0
"24/04/2026, 08:05", 210.5, 207.0, 41.0
"24/04/2026, 08:10", 202.6, 199.2, 40.2
"24/04/2026, 08:15", 150.4, 147.4, 40.5
"24/04/2026, 08:20", 228.0, 225.0, 40.4
"24/04/2026, 08:25", 182.4, 178.7, 40.5
"24/04/2026, 08:30", 149.7, 146.2, 41.8
"24/04/2026, 08:35", 239.2, 235.3, 40.9
"24/04/2026, 08:40", 192.0, 188.4, 40.5
"24/04/2026, 08:45", 230.0, 227.9, 40.4
"24/04/2026, 08:50", 219.3, 215.7, 41.2
"24/04/2026, 08:55", 197.1, 195.0, 40.5
"24/04/2026, 09:00", 369.6, 367.3, 40.4
"24/04/2026, 09:05", 398.8, 395.9, 41.0
"24/04/2026, 09:10", 374.3, 371.4, 41.8
"24/04/2026, 09:15", 381.3, 377.4, 40.6
"24/04/2026, 09:20", 375.4, 372.2, 41.3
"24/04/2026, 09:25", 414.3, 411.5, 40.8
"24/04/2026, 09:30", 332.0, 328.8, 40.5
"24/04/2026, 09:35", 403.2, 401.0, 41.0
"24/04/2026, 09:40", 364.1, 361.4, 40.9
"24/04/2026, 09:45", 353.0, 350.3, 40.9
"24/04/2026, 09:50", 367.3, 364.2, 41.3
"24/04/2026, 09:55", 389.4, 385.5, 40.9
"24/04/2026, 10:00", 553.8, 551.7, 43.7
"24/04/2026, 10:05", 558.3, 556.0, 43.0
"24/04/2026, 10:10", 488.7, 486.6, 43.3
"24/04/2026, 10:15", 556.2, 553.8, 43.6
"24/04/2026, 10:20", 486.8, 482.8, 42.8
"24/04/2026, 10:25", 548.1, 546.0, 43.5
"24/04/2026, 10:30", 543.7, 540.4, 42.2
"24/04/2026, 10:35", 504.6, 502.3, 42.5
"24/04/2026, 10:40", 506.9, 502.9, 42.9
"24/04/2026, 10:45", 574.2, 571.1, 43.1
"24/04/2026, 10:50", 523.3, 519.7, 43.5
"24/04/2026, 10:55", 564.8, 562.4, 43.0
"24/04/2026, 11:00", 646.8, 644.0, 42.7
"24/04/2026, 11:05", 606.7, 603.9, 42.6
"24/04/2026, 11:10", 676.1, 672.5, 43.2
"24/04/2026, 11:15", 678.1, 675.6, 42.2
"24/04/2026, 11:20", 626.8, 622.8, 42.4
"24/04/2026, 11:25", 627.6, 623.8, 43.2
"24/04/2026, 11:30", 629.6, 625.9, 42.5
"24/04/2026, 11:35", 673.3, 669.4, 43.1
"24/04/2026, 11:40", 657.6, 655.5, 42.6
"24/04/2026, 11:45", 675.8, 673.0, 43.7
"24/04/2026, 11:50", 651.3, 648.2, 43.4
"24/04/2026, 11:55", 606.4, 604.1, 42.3
"24/04/2026, 12:00", 702.2, 699.8, 43.5
"24/04/2026, 12:05", 658.7, 656.1, 42.4
"24/04/2026, 12:10", 682.7, 680.2, 43.6
"24/04/2026, 12:15", 712.9, 709.7, 42.9
"24/04/2026, 12:20", 723.2, 720.0, 43.0
"24/04/2026, 12:25", 738.3, 734.7, 43.6
"24/04/2026, 12:30", 649.5, 645.8, 43.0
"24/04/2026, 12:35", 727.5, 724.3, 43.1
"24/04/2026, 12:40", 699.0, 696.1, 42.2
"24/04/2026, 12:45", 669.7, 667.3, 42.4
"24/04/2026, 12:50", 674.7, 671.3, 42.5
"24/04/2026, 12:55", 666.1, 663.1, 43.2
"24/04/2026, 13:00", 655.9, 653.7, 42.8
"24/04/2026, 13:05", 673.5, 670.4, 42.3
"24/04/2026, 13:10", 708.7, 706.5, 43.0
"24/04/2026, 13:15", 700.1, 697.8, 43.3
"24/04/2026, 13:20", 687.8, 685.2, 43.3
"24/04/2026, 13:25", 728.9, 726.2, 42.8
"24/04/2026, 13:30", 645.7, 642.6, 43.2
"24/04/2026, 13:35", 694.1, 691.6, 42.8
"24/04/2026, 13:40", 674.8, 671.3, 43.3
"24/04/2026, 13:45", 696.2, 692.4, 43.4
"24/04/2026, 13:50", 644.5, 640.8, 42.5
"24/04/2026, 13:55", 668.5, 666.2, 42.8
"24/04/2026, 14:00", 605.5, 601.8, 42.9
"24/04/2026, 14:05", 661.4, 657.4, 43.4
"24/04/2026, 14:10", 685.8, 682.8, 42.4
"24/04/2026, 14:15", 630.5, 626.7, 43.1
"24/04/2026, 14:20", 646.9, 643.0, 42.4
"24/04/2026, 14:25", 621.0, 617.1, 43.1
"24/04/2026, 14:30", 612.1, 608.4, 43.0
"24/04/2026, 14:35", 641.1, 639.1, 42.4
"24/04/2026, 14:40", 682.3, 678.5, 43.1
"24/04/2026, 14:45", 655.4, 651.5, 43.1
"24/04/2026, 14:50", 663.8, 661.6, 43.8
"24/04/2026, 14:55", 682.1, 678.8, 43.1
"24/04/2026, 15:00", 506.8, 502.8, 42.5
"24/04/2026, 15:05", 485.1, 481.7, 42.4
"24/04/2026, 15:10", 560.4, 556.9, 42.5
"24/04/2026, 15:15", 503.3, 500.4, 42.4
"24/04/2026, 15:20", 569.4, 566.1, 43.8
"24/04/2026, 15:25", 541.5, 538.2, 42.7
"24/04/2026, 15:30", 493.7, 490.9, 42.8
"24/04/2026, 15:35", 574.0, 570.3, 42.8
"24/04/2026, 15:40", 484.6, 482.5, 43.1
"24/04/2026, 15:45", 482.0, 478.8, 43.0
"24/04/2026, 15:50", 533.5, 531.3, 43.4
"24/04/2026, 15:55", 544.4, 541.4, 42.4
"24/04/2026, 16:00", 412.3, 408.7, 42.4
"24/04/2026, 16:05", 399.1, 395.8, 42.6
"24/04/2026, 16:10", 419.0, 415.5, 43.7
"24/04/2026, 16:15", 362.2, 358.3, 43.5
"24/04/2026, 16:20", 353.4, 350.0, 42.9
"24/04/2026, 16:25", 427.8, 423.9, 42.3
"24/04/2026, 16:30", 404.2, 400.6, 42.8
"24/04/2026, 16:35", 336.8, 333.1, 42.8
"24/04/2026, 16:40", 427.4, 425.3, 43.6
"24/04/2026, 16:45", 427.4, 425.1, 42.5
"24/04/2026, 16:50", 336.2, 332.7, 42.4
"24/04/2026, 16:55", 397.6, 394.3, 42.6
"24/04/2026, 17:00", 235.9, 233.0, 40.5
"24/04/2026, 17:05", 176.2, 173.4, 41.4
"24/04/2026, 17:10", 195.3, 192.5, 41.4
"24/04/2026, 17:15", 178.2, 174.9, 40.9
"24/04/2026, 17:20", 223.1, 220.7, 40.2
"24/04/2026, 17:25", 236.7, 233.1, 41.4
"24/04/2026, 17:30", 179.9, 176.4, 40.9
"24/04/2026, 17:35", 165.6, 162.8, 40.7
"24/04/2026, 17:40", 211.8, 208.4, 40.5
"24/04/2026, 17:45", 194.4, 191.0, 40.2
"24/04/2026, 17:50", 160.1, 157.3, 41.2
"24/04/2026, 17:55", 194.4, 190.5, 41.2
"24/04/2026, 18:00", 0.1, 0.0, 41.6
"24/04/2026, 18:05", 31.5, 29.4, 40.4
"24/04/2026, 18:10", 0.0, 0.0, 40.9
"24/04/2026, 18:15", 0.0, 0.0, 41.2
"24/04/2026, 18:20", 0.0, 0.0, 40.7
"24/04/2026, 18:25", 0.0, 0.0, 40.2
"24/04/2026, 18:30", 43.6, 41.3, 40.2
"24/04/2026, 18:35", 0.0, 0.0, 41.7
"24/04/2026, 18:40", 44.7, 40.7, 40.8
"24/04/2026, 18:45", 26.0, 22.5, 40.4
"24/04/2026, 18:50", 0.0, 0.0, 41.0
"24/04/2026, 18:55", 0.0, 0.0, 40.4
"24/04/2026, 19:00", 0.0, 0.0, 41.0
"24/04/2026, 19:05", 7.4, 3.5, 40.9
"24/04/2026, 19:10", 0.0, 0.0, 40.8
"24/04/2026, 19:15", 0.0, 0.0, 40.9
"24/04/2026, 19:20", 0.0, 0.0, 41.2
"24/04/2026, 19:25", 0.0, 0.0, 41.7
"24/04/2026, 19:30", 0.9, 0.0, 41.7
"24/04/2026, 19:35", 22.6, 19.9, 41.2
"24/04/2026, 19:40", 46.2, 43.4, 41.2
"24/04/2026, 19:45", 0.0, 0.0, 41.0
"24/04/2026, 19:50", 36.6, 33.8, 41.7
"24/04/2026, 19:55", 19.5, 16.9, 41.0
"24/04/2026, 20:00", 0.0, 0.0, 41.3
"24/04/2026, 20:05", 5.0, 2.7, 41.2
"24/04/2026, 20:10", 40.8, 37.7, 40.2
"24/04/2026, 20:15", 13.3, 9.7, 41.8
"24/04/2026, 20:20", 0.0, 0.0, 40.6
"24/04/2026, 20:25", 49.1, 46.8, 41.4
"24/04/2026, 20:30", 20.4, 16.8, 41.6
"24/04/2026, 20:35", 0.0, 0.0, 40.3
"24/04/2026, 20:40", 12.1, 8.4, 41.1
"24/04/2026, 20:45", 32.7, 29.3, 40.5
"24/04/2026, 20:50", 24.1, 21.2, 41.4
"24/04/2026, 20:55", 0.0, 0.0, 40.6
"24/04/2026, 21:00", 26.9, 23.8, 40.8
"24/04/2026, 21:05", 0.0, 0.0, 40.7
"24/04/2026, 21:10", 0.0, 0.0, 40.9
"24/04/2026, 21:15", 22.3, 19.2, 40.4
"24/04/2026, 21:20", 16.7, 14.1, 41.0
"24/04/2026, 21:25", 0.0, 0.0, 40.7
"24/04/2026, 21:30", 0.0, 0.0, 41.5
"24/04/2026, 21:35", 26.4, 23.5, 41.6
"24/04/2026, 21:40", 6.9, 3.8, 40.5
"24/04/2026, 21:45", 0.0, 0.0, 40.9
"24/04/2026, 21:50", 42.2, 38.4, 40.7
"24/04/2026, 21:55", 12.7, 8.9, 41.7
"24/04/2026, 22:00", 0.0, 0.0, 40.7
"24/04/2026, 22:05", 0.0, 0.0, 41.5
"24/04/2026, 22:10", 21.2, 18.7, 41.0
"24/04/2026, 22:15", 0.0, 0.0, 40.9
"24/04/2026, 22:20", 0.0, 0.0, 41.0
"24/04/2026, 22:25", 1.4, 0.0, 40.4
"24/04/2026, 22:30", 0.0, 0.0, 41.6
"24/04/2026, 22:35", 20.7, 17.1, 41.0
"24/04/2026, 22:40", 46.6, 44.0, 41.1
"24/04/2026, 22:45", 0.0, 0.0, 41.8
"24/04/2026, 22:50", 5.9, 1.9, 41.0
"24/04/2026, 22:55", 0.0, 0.0, 40.7
"24/04/2026, 23:00", 46.6, 43.3, 41.7
"24/04/2026, 23:05", 0.0, 0.0, 40.5
"24/04/2026, 23:10", 0.0, 0.0, 41.2
"24/04/2026, 23:15", 0.0, 0.0, 41.4
"24/04/2026, 23:20", 7.5, 4.5, 41.3
"24/04/2026, 23:25", 20.2, 17.2, 40.4
"24/04/2026, 23:30", 0.0, 0.0, 41.8
"24/04/2026, 23:35", 38.2, 36.2, 40.3
"24/04/2026, 23:40", 0.0, 0.0, 41.7
"24/04/2026, 23:45", 0.0, 0.0, 40.3
"24/04/2026, 23:50", 0.0, 0.0, 40.2
"24/04/2026, 23:55", 4.5, 1.7, 40.8
"25/04/2026, 00:00", 48.3, 46.0, 40.2
"25/04/2026, 00:05", 8.3, 6.0, 41.5
"25/04/2026, 00:10", 39.1, 37.1, 40.4
"25/04/2026, 00:15", 26.0, 22.1, 41.3
"25/04/2026, 00:20", 0.0, 0.0, 41.3
"25/04/2026, 00:25", 0.0, 0.0, 40.6
"25/04/2026, 00:30", 13.3, 10.5, 41.7
"25/04/2026, 00:35", 0.0, 0.0, 40.5
"25/04/2026, 00:40", 0.0, 0.0, 40.8
"25/04/2026, 00:45", 29.5, 27.2, 41.4
"25/04/2026, 00:50", 0.0, 0.0, 40.6
"25/04/2026, 00:55", 17.1, 14.9, 41.5
"25/04/2026, 01:00", 0.0, 0.0, 40.2
"25/04/2026, 01:05", 37.6, 34.9, 41.2
"25/04/2026, 01:10", 30.0, 26.8, 41.0
"25/04/2026, 01:15", 0.0, 0.0, 40.7
"25/04/2026, 01:20", 0.0, 0.0, 41.0
"25/04/2026, 01:25", 40.9, 38.8, 41.6
"25/04/2026, 01:30", 0.0, 0.0, 41.4
"25/04/2026, 01:35", 0.0, 0.0, 41.3
"25/04/2026, 01:40", 32.0, 29.1, 40.2
"25/04/2026, 01:45", 0.3, 0.0, 40.8
"25/04/2026, 01:50", 0.0, 0.0, 41.5
"25/04/2026, 01:55", 49.4, 47.2, 40.7
"25/04/2026, 02:00", 43.3, 41.2, 40.6
"25/04/2026, 02:05", 0.0, 0.0, 40.4
"25/04/2026, 02:10", 47.2, 44.9, 41.7
"25/04/2026, 02:15", 41.4, 38.5, 40.2
"25/04/2026, 02:20", 35.0, 31.2, 41.4
"25/04/2026, 02:25", 0.0, 0.0, 40.4
"25/04/2026, 02:30", 43.7, 41.5, 40.4
"25/04/2026, 02:35", 14.5, 11.4, 40.9
"25/04/2026, 02:40", 0.0, 0.0, 40.5
"25/04/2026, 02:45", 0.0, 0.0, 40.4
"25/04/2026, 02:50", 36.3, 33.3, 40.4
"25/04/2026, 02:55", 15.4, 12.8, 40.3
"25/04/2026, 03:00", 0.0, 0.0, 40.3
"25/04/2026, 03:05", 0.3, 0.0, 40.6
"25/04/2026, 03:10", 0.0, 0.0, 40.9
"25/04/2026, 03:15", 33.1, 30.5, 41.0
"25/04/2026, 03:20", 0.0, 0.0, 41.7
"25/04/2026, 03:25", 0.0, 0.0, 40.9
"25/04/2026, 03:30", 0.0, 0.0, 41.2
"25/04/2026, 03:35", 7.2, 5.1, 40.2
"25/04/2026, 03:40", 0.0, 0.0, 40.3
"25/04/2026, 03:45", 0.0, 0.0, 41.3
"25/04/2026, 03:50", 0.0, 0.0, 41.8
"25/04/2026, 03:55", 0.0, 0.0, 40.3
"25/04/2026, 04:00", 28.2, 25.5, 41.7
"25/04/2026, 04:05", 0.0, 0.0, 40.2
"25/04/2026, 04:10", 0.8, 0.0, 40.2
"25/04/2026, 04:15", 16.6, 14.5, 40.9
"25/04/2026, 04:20", 4.1, 1.1, 41.1
"25/04/2026, 04:25", 3.3, 0.0, 41.2
"25/04/2026, 04:30", 44.2, 41.5, 40.7
"25/04/2026, 04:35", 34.0, 31.0, 40.5
"25/04/2026, 04:40", 34.5, 30.6, 40.3
"25/04/2026, 04:45", 10.9, 8.1, 41.1
"25/04/2026, 04:50", 0.0, 0.0, 40.2
"25/04/2026, 04:55", 10.6, 6.8, 40.7
"25/04/2026, 05:00", 0.0, 0.0, 41.3
"25/04/2026, 05:05", 0.0, 0.0, 40.4
"25/04/2026, 05:10", 35.9, 32.9, 41.7
"25/04/2026, 05:15", 21.8, 17.9, 41.2
"25/04/2026, 05:20", 0.0, 0.0, 41.0
"25/04/2026, 05:25", 0.0, 0.0, 40.3
"25/04/2026, 05:30", 0.0, 0.0, 40.6
"25/04/2026, 05:35", 0.0, 0.0, 40.4
"25/04/2026, 05:40", 20.3, 16.4, 41.6
"25/04/2026, 05:45", 12.5, 9.7, 41.1
"25/04/2026, 05:50", 0.0, 0.0, 40.4
"25/04/2026, 05:55", 30.6, 28.5, 40.5
"25/04/2026, 06:00", 18.1, 14.4, 40.8
"25/04/2026, 06:05", 9.1, 6.7, 41.1
"25/04/2026, 06:10", 0.0, 0.0, 41.7
"25/04/2026, 06:15", 0.0, 0.0, 41.7
"25/04/2026, 06:20", 15.2, 11.8, 40.9
"25/04/2026, 06:25", 0.0, 0.0, 41.1
"25/04/2026, 06:30", 48.7, 46.3, 40.2
"25/04/2026, 06:35", 0.0, 0.0, 41.3
"25/04/2026, 06:40", 24.4, 22.2, 41.0
"25/04/2026, 06:45", 0.0, 0.0, 41.5
"25/04/2026, 06:50", 0.0, 0.0, 40.4
"25/04/2026, 06:55", 0.0, 0.0, 40.4
"25/04/2026, 07:00", 0.0, 0.0, 41.0
"25/04/2026, 07:05", 0.0, 0.0, 40.2
"25/04/2026, 07:10", 33.9, 30.4, 41.3
"25/04/2026, 07:15", 0.0, 0.0, 40.9
"25/04/2026, 07:20", 33.7, 31.3, 41.6
"25/04/2026, 07:25", 0.0, 0.0, 40.5
"25/04/2026, 07:30", 4.7, 1.8, 40.6
"25/04/2026, 07:35", 0.0, 0.0, 41.6
"25/04/2026, 07:40", 0.0, 0.0, 41.3
"25/04/2026, 07:45", 13.9, 10.3, 40.8
"25/04/2026, 07:50", 26.5, 23.8, 40.6
"25/04/2026, 07:55", 1.7, 0.0, 41.5
"25/04/2026, 08:00", 172.6, 168.7, 41.2
"25/04/2026, 08:05", 216.3, 214.3, 41.4
"25/04/2026, 08:10", 183.5, 180.4, 41.5
"25/04/2026, 08:15", 243.9, 240.8, 40.8
"25/04/2026, 08:20", 153.1, 150.3, 40.2
"25/04/2026, 08:25", 199.0, 196.5, 41.7
"25/04/2026, 08:30", 203.6, 200.4, 40.6
"25/04/2026, 08:35", 209.2, 205.3, 40.7
"25/04/2026, 08:40", 245.6, 243.5, 41.7
"25/04/2026, 08:45", 225.2, 221.3, 40.6
"25/04/2026, 08:50", 153.0, 150.1, 41.0
"25/04/2026, 08:55", 167.4, 164.9, 41.1
"25/04/2026, 09:00", 359.8, 355.9, 40.8
"25/04/2026, 09:05", 352.4, 348.6, 41.5
"25/04/2026, 09:10", 393.0, 389.1, 41.8
"25/04/2026, 09:15", 426.2, 422.4, 40.4
"25/04/2026, 09:20", 355.0, 352.7, 40.3
"25/04/2026, 09:25", 361.5, 358.3, 41.1
"25/04/2026, 09:30", 421.5, 419.0, 40.4
"25/04/2026, 09:35", 350.9, 348.1, 41.5
"25/04/2026, 09:40", 337.0, 333.7, 41.4
"25/04/2026, 09:45", 362.1, 359.5, 41.1
"25/04/2026, 09:50", 397.0, 393.3, 41.7
"25/04/2026, 09:55", 358.5, 356.1, 40.7
"25/04/2026, 10:00", 577.6, 574.0, 43.4
"25/04/2026, 10:05", 510.8, 508.1, 43.0
"25/04/2026, 10:10", 541.5, 538.3, 43.7
"25/04/2026, 10:15", 563.0, 559.9, 42.5
"25/04/2026, 10:20", 519.6, 517.5, 42.2
"25/04/2026, 10:25", 498.5, 495.2, 43.2
"25/04/2026, 10:30", 531.1, 527.9, 42.9
"25/04/2026, 10:35", 501.4, 497.5, 43.1
"25/04/2026, 10:40", 485.4, 481.5, 42.5
"25/04/2026, 10:45", 555.1, 551.7, 43.2
"25/04/2026, 10:50", 544.0, 541.6, 43.1
"25/04/2026, 10:55", 557.5, 553.9, 42.3
"25/04/2026, 11:00", 655.6, 653.2, 42.8
"25/04/2026, 11:05", 645.7, 643.4, 42.5
"25/04/2026, 11:10", 659.8, 656.0, 43.6
"25/04/2026, 11:15", 597.8, 593.8, 43.5
"25/04/2026, 11:20", 618.1, 615.5, 42.9
"25/04/2026, 11:25", 640.3, 636.6, 43.0
"25/04/2026, 11:30", 665.3, 662.2, 43.1
"25/04/2026, 11:35", 640.7, 637.3, 42.8
"25/04/2026, 11:40", 652.2, 649.7, 42.6
"25/04/2026, 11:45", 658.9, 656.2, 42.5
"25/04/2026, 11:50", 659.1, 656.5, 43.0
"25/04/2026, 11:55", 592.7, 590.4, 43.1
"25/04/2026, 12:00", 654.9, 652.0, 43.0
"25/04/2026, 12:05", 647.3, 643.8, 43.4
"25/04/2026, 12:10", 645.0, 641.0, 43.1
"25/04/2026, 12:15", 714.2, 711.1, 43.1
"25/04/2026, 12:20", 711.6, 708.8, 43.5
"25/04/2026, 12:25", 674.3, 671.5, 42.2
"25/04/2026, 12:30", 730.4, 727.7, 43.8
"25/04/2026, 12:35", 742.4, 739.7, 43.4
"25/04/2026, 12:40", 701.4, 697.5, 42.8
"25/04/2026, 12:45", 724.1, 720.3, 42.6
"25/04/2026, 12:50", 730.4, 727.2, 42.7
"25/04/2026, 12:55", 645.7, 643.4, 43.5
"25/04/2026, 13:00", 708.0, 704.1, 43.0
"25/04/2026, 13:05", 721.2, 719.0, 43.7
"25/04/2026, 13:10", 701.1, 697.5, 42.2
"25/04/2026, 13:15", 661.6, 657.7, 42.7
"25/04/2026, 13:20", 687.6, 685.5, 42.4
"25/04/2026, 13:25", 695.6, 692.5, 43.4
"25/04/2026, 13:30", 648.3, 645.1, 43.6
"25/04/2026, 13:35", 682.2, 678.9, 42.6
"25/04/2026, 13:40", 688.5, 684.9, 42.3
"25/04/2026, 13:45", 719.2, 716.9, 43.0
"25/04/2026, 13:50", 707.5, 703.8, 43.0
"25/04/2026, 13:55", 699.4, 696.6, 42.8
"25/04/2026, 14:00", 679.4, 676.8, 42.4
"25/04/2026, 14:05", 683.3, 680.6, 43.6
"25/04/2026, 14:10", 609.2, 605.3, 42.3
"25/04/2026, 14:15", 683.4, 680.9, 43.6
"25/04/2026, 14:20", 648.2, 644.4, 43.1
"25/04/2026, 14:25", 684.0, 681.4, 43.7
"25/04/2026, 14:30", 632.4, 629.9, 42.8
"25/04/2026, 14:35", 601.9, 598.6, 42.4
"25/04/2026, 14:40", 642.4, 639.8, 43.7
"25/04/2026, 14:45", 588.4, 584.9, 42.5
"25/04/2026, 14:50", 665.6, 662.3, 42.3
"25/04/2026, 14:55", 619.6, 616.9, 42.3
"25/04/2026, 15:00", 483.0, 480.0, 42.9
"25/04/2026, 15:05", 564.9, 562.3, 42.9
"25/04/2026, 15:10", 505.6, 503.0, 43.5
"25/04/2026, 15:15", 554.2, 550.6, 42.3
"25/04/2026, 15:20", 496.8, 494.1, 42.9
"25/04/2026, 15:25", 542.0, 538.8, 42.4
"25/04/2026, 15:30", 527.1, 523.3, 42.9
"25/04/2026, 15:35", 479.7, 475.7, 43.3
"25/04/2026, 15:40", 499.8, 496.0, 42.7
"25/04/2026, 15:45", 541.2, 538.0, 43.6
"25/04/2026, 15:50", 518.6, 515.9, 42.6
"25/04/2026, 15:55", 565.1, 562.0, 42.3
"25/04/2026, 16:00", 412.0, 409.5, 42.4
"25/04/2026, 16:05", 405.1, 402.2, 43.3
"25/04/2026, 16:10", 422.7, 419.4, 43.6
"25/04/2026, 16:15", 338.3, 335.8, 42.7
"25/04/2026, 16:20", 334.7, 331.1, 43.1
"25/04/2026, 16:25", 413.6, 410.7, 43.1
"25/04/2026, 16:30", 375.0, 371.9, 42.6
"25/04/2026, 16:35", 356.7, 354.0, 43.3
"25/04/2026, 16:40", 412.6, 410.0, 43.5
"25/04/2026, 16:45", 402.5, 399.0, 43.6
"25/04/2026, 16:50", 426.5, 423.4, 42.7
"25/04/2026, 16:55", 410.8, 407.4, 42.3
"25/04/2026, 17:00", 154.3, 151.6, 40.6
"25/04/2026, 17:05", 226.3, 222.4, 40.3
"25/04/2026, 17:10", 229.3, 226.4, 41.4
"25/04/2026, 17:15", 245.1, 242.9, 40.6
"25/04/2026, 17:20", 224.7, 221.3, 41.3
"25/04/2026, 17:25", 156.0, 153.1, 40.2
"25/04/2026, 17:30", 223.4, 221.0, 40.5
"25/04/2026, 17:35", 213.3, 210.2, 41.3
"25/04/2026, 17:40", 243.6, 240.2, 41.0
"25/04/2026, 17:45", 237.1, 234.0, 40.3
"25/04/2026, 17:50", 206.3, 202.7, 41.3
"25/04/2026, 17:55", 180.9, 178.6, 40.6
"25/04/2026, 18:00", 0.0, 0.0, 41.3
"25/04/2026, 18:05", 48.8, 44.9, 41.4
"25/04/2026, 18:10", 0.0, 0.0, 41.1
"25/04/2026, 18:15", 0.0, 0.0, 41.3
"25/04/2026, 18:20", 8.7, 5.6, 40.3
"25/04/2026, 18:25", 10.1, 8.0, 40.6
"25/04/2026, 18:30", 0.0, 0.0, 40.9
"25/04/2026, 18:35", 0.0, 0.0, 40.6
"25/04/2026, 18:40", 14.8, 12.3, 40.4
"25/04/2026, 18:45", 44.0, 41.8, 41.5
"25/04/2026, 18:50", 27.1, 23.7, 41.5
"25/04/2026, 18:55", 18.8, 15.0, 40.7
"25/04/2026, 19:00", 0.0, 0.0, 40.6
"25/04/2026, 19:05", 0.0, 0.0, 41.4
"25/04/2026, 19:10", 38.2, 36.0, 40.4
"25/04/2026, 19:15", 0.0, 0.0, 40.8
"25/04/2026, 19:20", 33.1, 29.6, 41.4
"25/04/2026, 19:25", 21.7, 19.4, 40.7
"25/04/2026, 19:30", 0.0, 0.0, 40.8
"25/04/2026, 19:35", 11.8, 8.3, 41.2
"25/04/2026, 19:40", 0.0, 0.0, 41.3
"25/04/2026, 19:45", 0.0, 0.0, 40.9
"25/04/2026, 19:50", 31.9, 29.6, 40.8
"25/04/2026, 19:55", 30.0, 27.1, 41.2
"25/04/2026, 20:00", 1.0, 0.0, 40.7
"25/04/2026, 20:05", 0.0, 0.0, 41.0
"25/04/2026, 20:10", 39.7, 36.4, 41.3
"25/04/2026, 20:15", 41.2, 38.2, 41.5
"25/04/2026, 20:20", 0.0, 0.0, 40.7
"25/04/2026, 20:25", 0.0, 0.0, 41.2
"25/04/2026, 20:30", 49.7, 46.6, 40.6
"25/04/2026, 20:35", 0.0, 0.0, 40.3
"25/04/2026, 20:40", 0.0, 0.0, 40.4
"25/04/2026, 20:45", 8.9, 6.3, 41.2
"25/04/2026, 20:50", 0.0, 0.0, 41.1
"25/04/2026, 20:55", 17.7, 15.4, 40.7
"25/04/2026, 21:00", 0.0, 0.0, 41.1
"25/04/2026, 21:05", 0.0, 0.0, 40.9
"25/04/2026, 21:10", 47.3, 44.4, 40.9
"25/04/2026, 21:15", 45.7, 42.8, 41.7
"25/04/2026, 21:20", 22.6, 19.9, 40.8
"25/04/2026, 21:25", 7.7, 4.3, 41.5
"25/04/2026, 21:30", 48.1, 45.7, 40.8
"25/04/2026, 21:35", 0.0, 0.0, 41.1
"25/04/2026, 21:40", 33.7, 29.9, 40.5
"25/04/2026, 21:45", 0.0, 0.0, 41.3
"25/04/2026, 21:50", 14.2, 12.0, 41.5
"25/04/2026, 21:55", 36.1, 32.2, 40.5
"25/04/2026, 22:00", 0.0, 0.0, 41.6
"25/04/2026, 22:05", 21.9, 18.9, 41.4
"25/04/2026, 22:10", 30.9, 27.0, 41.2
"25/04/2026, 22:15", 0.0, 0.0, 41.3
"25/04/2026, 22:20", 0.0, 0.0, 40.6
"25/04/2026, 22:25", 0.0, 0.0, 40.8
"25/04/2026, 22:30", 0.0, 0.0, 40.3
"25/04/2026, 22:35", 28.2, 26.0, 40.3
"25/04/2026, 22:40", 43.7, 40.6, 40.8
"25/04/2026, 22:45", 1.4, 0.0, 41.6
"25/04/2026, 22:50", 0.0, 0.0, 40.6
"25/04/2026, 22:55", 0.0, 0.0, 40.6
"25/04/2026, 23:00", 0.0, 0.0, 41.4
"25/04/2026, 23:05", 9.9, 7.5, 41.6
"25/04/2026, 23:10", 0.0, 0.0, 41.7
"25/04/2026, 23:15", 0.0, 0.0, 41.2
"25/04/2026, 23:20", 7.2, 3.4, 41.3
"25/04/2026, 23:25", 17.6, 13.9, 41.7
"25/04/2026, 23:30", 21.3, 18.4, 41.2
"25/04/2026, 23:35", 1.3, 0.0, 41.1
"25/04/2026, 23:40", 0.0, 0.0, 40.3
"25/04/2026, 23:45", 0.0, 0.0, 40.3
"25/04/2026, 23:50", 27.5, 25.4, 40.5
"25/04/2026, 23:55", 46.9, 44.6, 40.6
"26/04/2026, 00:00", 0.0, 0.0, 41.7
"26/04/2026, 00:05", 0.0, 0.0, 41.3
"26/04/2026, 00:10", 19.0, 15.7, 41.5
"26/04/2026, 00:15", 0.0, 0.0, 41.5
"26/04/2026, 00:20", 46.9, 43.9, 40.2
"26/04/2026, 00:25", 2.4, 0.2, 40.6
"26/04/2026, 00:30", 0.0, 0.0, 41.5
"26/04/2026, 00:35", 12.9, 10.6, 41.2
"26/04/2026, 00:40", 20.9, 18.7, 40.4
"26/04/2026, 00:45", 19.1, 16.6, 40.6
"26/04/2026, 00:50", 36.8, 34.7, 41.6
"26/04/2026, 00:55", 0.0, 0.0, 40.2
"26/04/2026, 01:00", 33.2, 29.4, 41.6
"26/04/2026, 01:05", 28.5, 25.3, 41.0
"26/04/2026, 01:10", 0.0, 0.0, 40.8
"26/04/2026, 01:15", 46.0, 42.1, 41.2
"26/04/2026, 01:20", 13.5, 11.2, 41.0
"26/04/2026, 01:25", 14.9, 11.7, 41.4
"26/04/2026, 01:30", 37.0, 34.1, 41.3
"26/04/2026, 01:35", 0.0, 0.0, 41.1
"26/04/2026, 01:40", 7.4, 4.0, 41.0
"26/04/2026, 01:45", 0.0, 0.0, 41.0
"26/04/2026, 01:50", 43.3, 41.2, 41.2
"26/04/2026, 01:55", 11.2, 8.0, 40.8
"26/04/2026, 02:00", 0.0, 0.0, 41.6
"26/04/2026, 02:05", 39.3, 35.9, 41.8
"26/04/2026, 02:10", 8.9, 6.6, 41.4
"26/04/2026, 02:15", 24.9, 21.4, 40.6
"26/04/2026, 02:20", 20.7, 16.8, 40.3
"26/04/2026, 02:25", 0.0, 0.0, 40.8
"26/04/2026, 02:30", 26.8, 24.0, 41.7
"26/04/2026, 02:35", 29.8, 27.0, 40.8
"26/04/2026, 02:40", 28.2, 24.7, 40.9
"26/04/2026, 02:45", 35.8, 32.2, 41.7
"26/04/2026, 02:50", 16.1, 12.7, 40.8
"26/04/2026, 02:55", 0.0, 0.0, 40.6
"26/04/2026, 03:00", 0.0, 0.0, 41.2
"26/04/2026, 03:05", 33.0, 29.5, 40.3
"26/04/2026, 03:10", 29.7, 26.2, 40.8
"26/04/2026, 03:15", 7.9, 5.1, 40.4
"26/04/2026, 03:20", 0.0, 0.0, 40.2
"26/04/2026, 03:25", 0.0, 0.0, 40.2
"26/04/2026, 03:30", 0.0, 0.0, 40.6
"26/04/2026, 03:35", 49.0, 46.1, 40.3
"26/04/2026, 03:40", 0.0, 0.0, 41.8
"26/04/2026, 03:45", 0.0, 0.0, 40.9
"26/04/2026, 03:50", 30.0, 26.6, 40.4
"26/04/2026, 03:55", 0.0, 0.0, 41.3
"26/04/2026, 04:00", 0.0, 0.0, 41.8
"26/04/2026, 04:05", 0.0, 0.0, 40.7
"26/04/2026, 04:10", 31.3, 27.5, 41.1
"26/04/2026, 04:15", 0.0, 0.0, 40.7
"26/04/2026, 04:20", 33.4, 29.7, 40.2
"26/04/2026, 04:25", 29.8, 27.5, 40.4
"26/04/2026, 04:30", 13.3, 10.3, 41.6
"26/04/2026, 04:35", 0.0, 0.0, 41.4
"26/04/2026, 04:40", 0.0, 0.0, 40.8
"26/04/2026, 04:45", 34.9, 31.6, 40.8
"26/04/2026, 04:50", 0.0, 0.0, 41.5
"26/04/2026, 04:55", 0.0, 0.0, 40.7
"26/04/2026, 05:00", 8.0, 4.6, 41.0
"26/04/2026, 05:05", 38.9, 35.4, 41.3
"26/04/2026, 05:10", 7.0, 4.7, 40.5
"26/04/2026, 05:15", 45.2, 41.7, 41.8
"26/04/2026, 05:20", 0.0, 0.0, 40.4
"26/04/2026, 05:25", 29.3, 27.1, 40.7
"26/04/2026, 05:30", 45.2, 42.3, 40.9
"26/04/2026, 05:35", 0.0, 0.0, 41.2
"26/04/2026, 05:40", 19.1, 16.2, 41.0
"26/04/2026, 05:45", 46.8, 42.9, 41.4
"26/04/2026, 05:50", 39.5, 35.5, 41.3
"26/04/2026, 05:55", 31.3, 27.9, 41.1
"26/04/2026, 06:00", 0.0, 0.0, 40.3
"26/04/2026, 06:05", 0.0, 0.0, 41.6
"26/04/2026, 06:10", 31.0, 28.3, 41.1
"26/04/2026, 06:15", 0.0, 0.0, 41.0
"26/04/2026, 06:20", 48.5, 46.2, 41.1
"26/04/2026, 06:25", 0.0, 0.0, 40.8
"26/04/2026, 06:30", 0.0, 0.0, 41.3
"26/04/2026, 06:35", 8.9, 5.9, 40.6
"26/04/2026, 06:40", 0.4, 0.0, 41.1
"26/04/2026, 06:45", 0.0, 0.0, 40.5
"26/04/2026, 06:50", 0.0, 0.0, 41.7
"26/04/2026, 06:55", 44.1, 41.3, 41.5
"26/04/2026, 07:00", 0.0, 0.0, 41.3
"26/04/2026, 07:05", 0.0, 0.0, 41.2
"26/04/2026, 07:10", 0.0, 0.0, 40.9
"26/04/2026, 07:15", 0.0, 0.0, 40.8
"26/04/2026, 07:20", 0.0, 0.0, 40.4
"26/04/2026, 07:25", 48.7, 45.5, 40.5
"26/04/2026, 07:30", 3.1, 0.9, 40.9
"26/04/2026, 07:35", 0.0, 0.0, 40.6
"26/04/2026, 07:40", 0.0, 0.0, 41.6
"26/04/2026, 07:45", 23.9, 20.4, 41.2
"26/04/2026, 07:50", 38.6, 36.1, 40.4
"26/04/2026, 07:55", 29.5, 25.9, 41.1
"26/04/2026, 08:00", 189.6, 185.8, 41.6
"26/04/2026, 08:05", 199.4, 196.8, 40.9
"26/04/2026, 08:10", 153.8, 150.0, 40.5
"26/04/2026, 08:15", 216.3, 212.7, 40.7
"26/04/2026, 08:20", 155.5, 153.2, 40.7
"26/04/2026, 08:25", 149.1, 145.7, 41.7
"26/04/2026, 08:30", 154.6, 152.6, 41.1
"26/04/2026, 08:35", 219.1, 215.8, 40.7
"26/04/2026, 08:40", 235.7, 231.7, 40.5
"26/04/2026, 08:45", 188.3, 184.7, 41.0
"26/04/2026, 08:50", 233.7, 230.4, 41.6
"26/04/2026, 08:55", 175.1, 172.7, 40.6
"26/04/2026, 09:00", 419.8, 417.4, 40.4
"26/04/2026, 09:05", 330.5, 328.2, 40.4
"26/04/2026, 09:10", 376.7, 374.2, 40.8
"26/04/2026, 09:15", 364.1, 361.7, 41.4
"26/04/2026, 09:20", 377.5, 374.2, 41.6
"26/04/2026, 09:25", 346.2, 343.3, 41.1
"26/04/2026, 09:30", 417.7, 414.5, 41.3
"26/04/2026, 09:35", 372.1, 369.9, 40.6
"26/04/2026, 09:40", 382.8, 379.5, 40.4
"26/04/2026, 09:45", 344.0, 341.6, 41.2
"26/04/2026, 09:50", 385.8, 383.4, 40.4
"26/04/2026, 09:55", 328.9, 325.0, 40.4
"26/04/2026, 10:00", 493.6, 489.7, 42.8
"26/04/2026, 10:05", 519.5, 516.1, 42.7
"26/04/2026, 10:10", 525.3, 523.0, 43.7
"26/04/2026, 10:15", 563.7, 561.5, 42.3
"26/04/2026, 10:20", 526.3, 522.8, 42.4
"26/04/2026, 10:25", 550.7, 547.4, 42.3
"26/04/2026, 10:30", 529.6, 526.8, 43.5
"26/04/2026, 10:35", 487.0, 483.7, 43.7
"26/04/2026, 10:40", 568.1, 565.7, 42.7
"26/04/2026, 10:45", 547.4, 543.9, 42.8
"26/04/2026, 10:50", 486.3, 483.5, 42.6
"26/04/2026, 10:55", 536.7, 534.5, 43.7
"26/04/2026, 11:00", 661.3, 657.4, 42.9
"26/04/2026, 11:05", 647.7, 644.7, 43.7
"26/04/2026, 11:10", 677.0, 674.9, 43.3
"26/04/2026, 11:15", 615.3, 612.4, 43.2
"26/04/2026, 11:20", 637.4, 634.4, 42.4
"26/04/2026, 11:25", 610.7, 608.0, 42.5
"26/04/2026, 11:30", 630.9, 628.8, 42.7
"26/04/2026, 11:35", 607.0, 603.7, 43.5
"26/04/2026, 11:40", 612.8, 610.2, 43.3
"26/04/2026, 11:45", 611.6, 607.8, 43.1
"26/04/2026, 11:50", 666.7, 662.8, 43.6
"26/04/2026, 11:55", 679.5, 676.5, 43.6
"26/04/2026, 12:00", 654.3, 651.6, 42.9
"26/04/2026, 12:05", 677.6, 675.5, 43.8
"26/04/2026, 12:10", 741.4, 737.7, 42.3
"26/04/2026, 12:15", 654.1, 651.6, 43.7
"26/04/2026, 12:20", 702.9, 700.4, 43.3
"26/04/2026, 12:25", 704.8, 702.2, 43.3
"26/04/2026, 12:30", 735.8, 732.9, 42.7
"26/04/2026, 12:35", 699.0, 695.8, 42.9
"26/04/2026, 12:40", 725.0, 721.3, 43.6
"26/04/2026, 12:45", 662.3, 659.1, 42.9
"26/04/2026, 12:50", 683.1, 680.4, 42.6
"26/04/2026, 12:55", 698.5, 696.3, 43.5
"26/04/2026, 13:00", 737.1, 734.0, 43.4
"26/04/2026, 13:05", 690.9, 688.4, 43.2
"26/04/2026, 13:10", 721.2, 718.1, 43.5
"26/04/2026, 13:15", 697.9, 695.5, 43.0
"26/04/2026, 13:20", 685.6, 682.2, 42.9
"26/04/2026, 13:25", 689.8, 686.4, 42.9
"26/04/2026, 13:30", 673.2, 670.2, 43.1
"26/04/2026, 13:35", 691.4, 688.6, 43.5
"26/04/2026, 13:40", 717.0, 713.6, 42.7
"26/04/2026, 13:45", 682.7, 680.3, 43.7
"26/04/2026, 13:50", 702.5, 699.8, 43.3
"26/04/2026, 13:55", 705.1, 702.0, 42.3
"26/04/2026, 14:00", 635.8, 633.3, 42.8
"26/04/2026, 14:05", 669.8, 666.0, 42.8
"26/04/2026, 14:10", 655.3, 651.3, 43.5
"26/04/2026, 14:15", 652.9, 648.9, 43.2
"26/04/2026, 14:20", 649.5, 646.7, 42.3
"26/04/2026, 14:25", 600.0, 596.2, 43.0
"26/04/2026, 14:30", 633.1, 629.7, 43.1
"26/04/2026, 14:35", 626.4, 623.0, 43.6
"26/04/2026, 14:40", 672.8, 669.8, 43.2
"26/04/2026, 14:45", 588.5, 585.9, 43.6
"26/04/2026, 14:50", 592.6, 590.4, 42.7
"26/04/2026, 14:55", 669.8, 667.0, 42.8
"26/04/2026, 15:00", 545.6, 541.9, 42.6
"26/04/2026, 15:05", 569.2, 565.7, 43.6
"26/04/2026, 15:10", 572.3, 568.5, 43.6
"26/04/2026, 15:15", 541.0, 537.0, 43.5
"26/04/2026, 15:20", 570.0, 567.0, 43.5
"26/04/2026, 15:25", 525.0, 521.8, 42.6
"26/04/2026, 15:30", 556.4, 553.1, 43.5
"26/04/2026, 15:35", 543.7, 540.1, 43.3
"26/04/2026, 15:40", 550.1, 546.8, 43.6
"26/04/2026, 15:45", 573.7, 570.2, 43.0
"26/04/2026, 15:50", 546.7, 544.3, 42.5
"26/04/2026, 15:55", 503.7, 500.2, 42.2
"26/04/2026, 16:00", 355.5, 353.4, 42.9
"26/04/2026, 16:05", 394.7, 391.6, 42.3
"26/04/2026, 16:10", 414.0, 411.4, 43.2
"26/04/2026, 16:15", 358.2, 355.2, 43.0
"26/04/2026, 16:20", 335.2, 333.1, 43.0
"26/04/2026, 16:25", 341.0, 338.2, 42.9
"26/04/2026, 16:30", 337.1, 333.1, 42.3
"26/04/2026, 16:35", 417.2, 414.5, 43.5
"26/04/2026, 16:40", 358.2, 354.3, 43.1
"26/04/2026, 16:45", 346.9, 343.7, 43.5
"26/04/2026, 16:50", 353.5, 349.8, 42.6
"26/04/2026, 16:55", 349.0, 346.4, 42.5
"26/04/2026, 17:00", 177.5, 173.9, 41.8
"26/04/2026, 17:05", 223.9, 220.2, 40.6
"26/04/2026, 17:10", 163.2, 160.3, 40.6
"26/04/2026, 17:15", 184.6, 182.3, 40.8
"26/04/2026, 17:20", 207.2, 203.3, 40.3
"26/04/2026, 17:25", 210.3, 207.2, 40.9
"26/04/2026, 17:30", 224.5, 221.7, 41.0
"26/04/2026, 17:35", 159.1, 155.6, 41.3
"26/04/2026, 17:40", 176.7, 174.1, 40.5
"26/04/2026, 17:45", 225.7, 222.5, 41.7
"26/04/2026, 17:50", 183.6, 181.4, 40.8
"26/04/2026, 17:55", 187.2, 184.4, 40.4
"26/04/2026, 18:00", 41.9, 38.4, 40.5
"26/04/2026, 18:05", 0.0, 0.0, 40.3
"26/04/2026, 18:10", 13.4, 10.4, 41.1
"26/04/2026, 18:15", 21.1, 17.5, 40.6
"26/04/2026, 18:20", 44.7, 41.9, 41.3
"26/04/2026, 18:25", 0.0, 0.0, 41.3
"26/04/2026, 18:30", 0.0, 0.0, 40.8
"26/04/2026, 18:35", 0.0, 0.0, 40.7
"26/04/2026, 18:40", 0.0, 0.0, 41.7
"26/04/2026, 18:45", 37.1, 33.6, 41.5
"26/04/2026, 18:50", 38.6, 34.9, 41.6
"26/04/2026, 18:55", 5.8, 2.9, 40.3
"26/04/2026, 19:00", 0.0, 0.0, 41.2
"26/04/2026, 19:05", 16.3, 13.2, 41.3
"26/04/2026, 19:10", 2.2, 0.0, 41.0
"26/04/2026, 19:15", 32.3, 29.6, 41.7
"26/04/2026, 19:20", 0.0, 0.0, 41.3
"26/04/2026, 19:25", 4.4, 2.4, 40.2
"26/04/2026, 19:30", 38.5, 35.7, 41.6
"26/04/2026, 19:35", 0.0, 0.0, 41.7
"26/04/2026, 19:40", 45.0, 41.1, 41.0
"26/04/2026, 19:45", 0.0, 0.0, 40.3
"26/04/2026, 19:50", 37.6, 34.1, 41.5
"26/04/2026, 19:55", 0.0, 0.0, 41.4
"26/04/2026, 20:00", 0.0, 0.0, 41.4
"26/04/2026, 20:05", 40.8, 37.8, 41.8
"26/04/2026, 20:10", 0.0, 0.0, 40.8
"26/04/2026, 20:15", 25.6, 21.7, 41.7
"26/04/2026, 20:20", 31.3, 28.8, 41.5
"26/04/2026, 20:25", 3.2, 0.4, 41.3
"26/04/2026, 20:30", 15.5, 12.3, 41.5
"26/04/2026, 20:35", 31.0, 27.3, 40.9
"26/04/2026, 20:40", 0.0, 0.0, 41.3
"26/04/2026, 20:45", 0.0, 0.0, 41.4
"26/04/2026, 20:50", 0.0, 0.0, 41.4
"26/04/2026, 20:55", 13.4, 11.0, 40.5
"26/04/2026, 21:00", 13.2, 10.0, 40.6
"26/04/2026, 21:05", 24.0, 20.9, 41.5
"26/04/2026, 21:10", 41.8, 38.5, 40.5
"26/04/2026, 21:15", 49.8, 46.4, 40.2
"26/04/2026, 21:20", 0.0, 0.0, 40.4
"26/04/2026, 21:25", 0.9, 0.0, 40.2
"26/04/2026, 21:30", 0.0, 0.0, 40.5
"26/04/2026, 21:35", 0.0, 0.0, 40.2
"26/04/2026, 21:40", 0.0, 0.0, 41.3
"26/04/2026, 21:45", 45.3, 42.2, 40.6
"26/04/2026, 21:50", 27.9, 24.4, 41.6
"26/04/2026, 21:55", 0.0, 0.0, 41.7
"26/04/2026, 22:00", 20.4, 18.2, 40.5
"26/04/2026, 22:05", 21.4, 19.0, 41.3
"26/04/2026, 22:10", 2.0, 0.0, 41.2
"26/04/2026, 22:15", 0.0, 0.0, 41.6
"26/04/2026, 22:20", 29.3, 26.2, 41.7
"26/04/2026, 22:25", 0.0, 0.0, 40.5
"26/04/2026, 22:30", 0.0, 0.0, 41.5
"26/04/2026, 22:35", 0.0, 0.0, 40.3
"26/04/2026, 22:40", 0.0, 0.0, 40.6
"26/04/2026, 22:45", 11.4, 8.8, 40.7
"26/04/2026, 22:50", 32.3, 28.9, 41.1
"26/04/2026, 22:55", 10.7, 8.3, 40.6
"26/04/2026, 23:00", 0.0, 0.0, 40.4
"26/04/2026, 23:05", 0.0, 0.0, 41.3
"26/04/2026, 23:10", 8.4, 6.1, 40.4
"26/04/2026, 23:15", 8.4, 6.0, 40.3
"26/04/2026, 23:20", 0.0, 0.0, 40.5
"26/04/2026, 23:25", 0.0, 0.0, 41.4
"26/04/2026, 23:30", 11.6, 9.3, 40.4
"26/04/2026, 23:35", 0.0, 0.0, 41.2
"26/04/2026, 23:40", 0.0, 0.0, 41.3
"26/04/2026, 23:45", 19.7, 17.3, 41.0
"26/04/2026, 23:50", 24.4, 20.7, 40.7
"26/04/2026, 23:55", 0.0, 0.0, 40.2
"27/04/2026, 00:00", 0.0, 0.0, 40.9
"27/04/2026, 00:05", 6.8, 3.1, 40.2
"27/04/2026, 00:10", 0.0, 0.0, 40.7
"27/04/2026, 00:15", 0.0, 0.0, 40.5
"27/04/2026, 00:20", 0.0, 0.0, 41.7
"27/04/2026, 00:25", 18.8, 15.6, 40.7
"27/04/2026, 00:30", 15.2, 11.9, 41.6
"27/04/2026, 00:35", 12.9, 9.7, 41.2
"27/04/2026, 00:40", 7.7, 5.5, 41.4
"27/04/2026, 00:45", 0.0, 0.0, 40.8
"27/04/2026, 00:50", 0.0, 0.0, 41.0
"27/04/2026, 00:55", 0.0, 0.0, 41.0
"27/04/2026, 01:00", 0.0, 0.0, 40.7
"27/04/2026, 01:05", 0.0, 0.0, 41.3
"27/04/2026, 01:10", 21.7, 18.5, 41.6
"27/04/2026, 01:15", 27.5, 25.0, 40.5
"27/04/2026, 01:20", 18.8, 16.0, 41.1
"27/04/2026, 01:25", 0.0, 0.0, 41.1
"27/04/2026, 01:30", 31.1, 27.5, 40.7
"27/04/2026, 01:35", 0.0, 0.0, 40.5
"27/04/2026, 01:40", 0.0, 0.0, 41.5
"27/04/2026, 01:45", 3.8, 1.4, 40.6
"27/04/2026, 01:50", 0.0, 0.0, 40.8
"27/04/2026, 01:55", 0.0, 0.0, 40.3
"27/04/2026, 02:00", 40.1, 36.6, 41.3
"27/04/2026, 02:05", 0.0, 0.0, 40.6
"27/04/2026, 02:10", 9.2, 7.0, 41.8
"27/04/2026, 02:15", 12.9, 9.5, 40.2
"27/04/2026, 02:20", 43.2, 39.7, 41.1
"27/04/2026, 02:25", 0.0, 0.0, 40.5
"27/04/2026, 02:30", 0.0, 0.0, 41.2
"27/04/2026, 02:35", 48.6, 46.3, 40.9
"27/04/2026, 02:40", 19.4, 17.1, 40.5
"27/04/2026, 02:45", 20.1, 16.6, 41.4
"27/04/2026, 02:50", 41.2, 37.2, 41.4
"27/04/2026, 02:55", 29.0, 26.7, 40.7
"27/04/2026, 03:00", 0.0, 0.0, 40.7
"27/04/2026, 03:05", 0.0, 0.0, 41.5
"27/04/2026, 03:10", 0.0, 0.0, 40.2
"27/04/2026, 03:15", 0.0, 0.0, 40.5
"27/04/2026, 03:20", 25.8, 22.5, 41.6
"27/04/2026, 03:25", 35.5, 31.5, 40.4
"27/04/2026, 03:30", 44.1, 41.1, 40.9
"27/04/2026, 03:35", 17.1, 13.4, 40.8
"27/04/2026, 03:40", 18.3, 15.8, 40.2
"27/04/2026, 03:45", 0.0, 0.0, 41.3
"27/04/2026, 03:50", 0.0, 0.0, 41.6
"27/04/2026, 03:55", 0.0, 0.0, 40.8
"27/04/2026, 04:00", 20.6, 16.8, 40.6
"27/04/2026, 04:05", 0.0, 0.0, 40.9
"27/04/2026, 04:10", 0.0, 0.0, 41.0
"27/04/2026, 04:15", 0.0, 0.0, 41.5
"27/04/2026, 04:20", 0.0, 0.0, 40.4
"27/04/2026, 04:25", 0.0, 0.0, 41.5
"27/04/2026, 04:30", 0.0, 0.0, 41.5
"27/04/2026, 04:35", 37.7, 35.4, 41.0
"27/04/2026, 04:40", 0.0, 0.0, 40.8
"27/04/2026, 04:45", 7.7, 3.9, 41.6
"27/04/2026, 04:50", 11.7, 9.6, 41.3
"27/04/2026, 04:55", 48.5, 45.0, 40.5
"27/04/2026, 05:00", 0.0, 0.0, 41.5
"27/04/2026, 05:05", 0.0, 0.0, 40.5
"27/04/2026, 05:10", 0.0, 0.0, 41.8
"27/04/2026, 05:15", 0.0, 0.0, 41.4
"27/04/2026, 05:20", 28.2, 25.5, 40.9
"27/04/2026, 05:25", 29.7, 26.0, 41.4
"27/04/2026, 05:30", 0.0, 0.0, 41.6
"27/04/2026, 05:35", 44.7, 41.1, 40.8
"27/04/2026, 05:40", 45.5, 42.2, 41.2
"27/04/2026, 05:45", 0.0, 0.0, 41.5
"27/04/2026, 05:50", 0.0, 0.0, 41.1
"27/04/2026, 05:55", 0.0, 0.0, 40.8
"27/04/2026, 06:00", 0.0, 0.0, 41.4
"27/04/2026, 06:05", 41.9, 39.8, 40.6
"27/04/2026, 06:10", 0.6, 0.0, 40.4
"27/04/2026, 06:15", 28.4, 26.3, 41.3
"27/04/2026, 06:20", 0.0, 0.0, 41.0
"27/04/2026, 06:25", 6.8, 3.5, 40.6
"27/04/2026, 06:30", 0.0, 0.0, 40.9
"27/04/2026, 06:35", 16.0, 13.0, 41.0
"27/04/2026, 06:40", 0.0, 0.0, 41.7
"27/04/2026, 06:45", 20.4, 17.0, 40.2
"27/04/2026, 06:50", 0.0, 0.0, 41.3
"27/04/2026, 06:55", 15.3, 12.1, 40.6
"27/04/2026, 07:00", 13.4, 11.0, 40.7
"27/04/2026, 07:05", 38.8, 36.5, 41.1
"27/04/2026, 07:10", 0.0, 0.0, 40.9
"27/04/2026, 07:15", 0.0, 0.0, 41.4
"27/04/2026, 07:20", 0.0, 0.0, 41.4
"27/04/2026, 07:25", 0.0, 0.0, 41.6
"27/04/2026, 07:30", 0.0, 0.0, 40.5
"27/04/2026, 07:35", 22.8, 19.2, 41.2
"27/04/2026, 07:40", 0.0, 0.0, 41.6
"27/04/2026, 07:45", 0.0, 0.0, 41.5
"27/04/2026, 07:50", 0.0, 0.0, 40.7
"27/04/2026, 07:55", 16.7, 14.0, 41.5
"27/04/2026, 08:00", 229.4, 225.9, 41.2
"27/04/2026, 08:05", 193.4, 190.7, 41.3
"27/04/2026, 08:10", 175.7, 172.4, 41.5
"27/04/2026, 08:15", 201.1, 198.7, 41.8
"27/04/2026, 08:20", 244.6, 240.6, 41.2
"27/04/2026, 08:25", 181.3, 178.0, 41.5
"27/04/2026, 08:30", 148.4, 146.3, 41.1
"27/04/2026, 08:35", 156.2, 153.1, 41.8
"27/04/2026, 08:40", 147.5, 144.7, 40.3
"27/04/2026, 08:45", 150.0, 146.5, 41.5
"27/04/2026, 08:50", 221.6, 218.5, 40.3
"27/04/2026, 08:55", 167.8, 164.4, 40.5
"27/04/2026, 09:00", 374.8, 371.0, 40.4
"27/04/2026, 09:05", 386.9, 384.3, 41.1
"27/04/2026, 09:10", 343.0, 340.2, 40.5
"27/04/2026, 09:15", 372.9, 369.2, 40.4
"27/04/2026, 09:20", 425.6, 423.6, 41.5
"27/04/2026, 09:25", 415.3, 412.3, 41.4
"27/04/2026, 09:30", 419.6, 417.1, 40.6
"27/04/2026, 09:35", 348.0, 344.6, 40.3
"27/04/2026, 09:40", 402.3, 399.8, 40.6
"27/04/2026, 09:45", 398.3, 395.6, 41.8
"27/04/2026, 09:50", 347.7, 345.3, 41.7
"27/04/2026, 09:55", 336.3, 334.0, 41.3
"27/04/2026, 10:00", 502.4, 498.8, 42.9
"27/04/2026, 10:05", 544.4, 541.8, 42.8
"27/04/2026, 10:10", 568.9, 565.9, 42.4
"27/04/2026, 10:15", 500.3, 498.0, 42.7
"27/04/2026, 10:20", 563.2, 561.1, 42.8
"27/04/2026, 10:25", 557.0, 554.2, 42.8
"27/04/2026, 10:30", 518.5, 515.8, 43.0
"27/04/2026, 10:35", 551.7, 548.3, 42.7
"27/04/2026, 10:40", 565.6, 562.9, 42.3
"27/04/2026, 10:45", 562.2, 558.6, 43.4
"27/04/2026, 10:50", 508.4, 505.4, 42.6
"27/04/2026, 10:55", 505.6, 503.4, 42.8
"27/04/2026, 11:00", 682.3, 678.4, 43.1
"27/04/2026, 11:05", 673.3, 669.9, 42.4
"27/04/2026, 11:10", 632.5, 628.6, 43.7
"27/04/2026, 11:15", 590.7, 586.8, 43.8
"27/04/2026, 11:20", 637.3, 633.8, 43.0
"27/04/2026, 11:25", 629.5, 626.4, 43.7
"27/04/2026, 11:30", 623.8, 620.1, 43.2
"27/04/2026, 11:35", 621.6, 618.7, 43.2
"27/04/2026, 11:40", 681.1, 678.2, 43.8
"27/04/2026, 11:45", 667.3, 664.8, 43.5
"27/04/2026, 11:50", 660.9, 657.0, 43.1
"27/04/2026, 11:55", 638.4, 635.1, 42.8
"27/04/2026, 12:00", 651.5, 649.0, 43.5
"27/04/2026, 12:05", 671.0, 668.0, 42.4
"27/04/2026, 12:10", 665.7, 662.1, 42.7
"27/04/2026, 12:15", 677.2, 674.8, 43.8
"27/04/2026, 12:20", 722.3, 720.2, 43.0
"27/04/2026, 12:25", 731.7, 728.9, 43.4
"27/04/2026, 12:30", 660.9, 658.0, 42.6
"27/04/2026, 12:35", 728.2, 724.4, 43.5
"27/04/2026, 12:40", 692.2, 689.9, 43.2
"27/04/2026, 12:45", 661.4, 659.2, 43.7
"27/04/2026, 12:50", 666.6, 663.8, 42.5
"27/04/2026, 12:55", 704.7, 702.5, 42.3
"27/04/2026, 13:00", 682.8, 679.9, 43.3
"27/04/2026, 13:05", 655.0, 652.0, 42.6
"27/04/2026, 13:10", 742.6, 740.3, 43.2
"27/04/2026, 13:15", 708.3, 705.8, 42.4
"27/04/2026, 13:20", 717.9, 715.5, 42.2
"27/04/2026, 13:25", 644.4, 641.9, 43.3
"27/04/2026, 13:30", 668.6, 665.7, 43.2
"27/04/2026, 13:35", 698.6, 696.1, 43.1
"27/04/2026, 13:40", 671.3, 667.8, 42.8
"27/04/2026, 13:45", 659.8, 656.9, 43.1
"27/04/2026, 13:50", 720.5, 718.4, 42.4
"27/04/2026, 13:55", 733.0, 730.7, 43.4
"27/04/2026, 14:00", 617.1, 613.6, 43.1
"27/04/2026, 14:05", 618.2, 614.4, 42.5
"27/04/2026, 14:10", 640.7, 638.5, 43.3
"27/04/2026, 14:15", 607.5, 604.5, 43.7
"27/04/2026, 14:20", 622.9, 619.1, 43.0
"27/04/2026, 14:25", 657.8, 654.9, 42.3
"27/04/2026, 14:30", 672.1, 669.7, 43.4
"27/04/2026, 14:35", 639.0, 636.4, 43.0
"27/04/2026, 14:40", 614.6, 611.8, 42.9
"27/04/2026, 14:45", 654.8, 651.7, 42.5
"27/04/2026, 14:50", 656.9, 653.1, 43.6
"27/04/2026, 14:55", 621.4, 618.9, 42.8
"27/04/2026, 15:00", 531.9, 528.4, 42.6
"27/04/2026, 15:05", 500.8, 498.5, 43.0
"27/04/2026, 15:10", 533.1, 529.1, 42.5
"27/04/2026, 15:15", 524.4, 521.4, 43.6
"27/04/2026, 15:20", 518.1, 515.2, 43.7
"27/04/2026, 15:25", 573.0, 569.3, 42.6
"27/04/2026, 15:30", 497.9, 494.1, 42.3
"27/04/2026, 15:35", 529.5, 526.6, 42.4
"27/04/2026, 15:40", 485.3, 481.6, 42.6
"27/04/2026, 15:45", 501.3, 499.1, 43.2
"27/04/2026, 15:50", 515.6, 512.7, 42.7
"27/04/2026, 15:55", 500.5, 497.5, 42.7
"27/04/2026, 16:00", 354.2, 352.0, 43.1
"27/04/2026, 16:05", 396.6, 393.1, 42.7
"27/04/2026, 16:10", 363.0, 360.0, 43.3
"27/04/2026, 16:15", 386.3, 383.6, 42.5
"27/04/2026, 16:20", 368.4, 364.4, 43.7
"27/04/2026, 16:25", 357.8, 354.4, 43.4
"27/04/2026, 16:30", 409.0, 405.4, 42.5
"27/04/2026, 16:35", 358.8, 356.8, 43.1
"27/04/2026, 16:40", 393.0, 390.7, 42.4
"27/04/2026, 16:45", 420.6, 418.4, 43.5
"27/04/2026, 16:50", 335.7, 331.8, 43.3
"27/04/2026, 16:55", 397.3, 394.9, 42.5
"27/04/2026, 17:00", 184.9, 182.4, 41.7
"27/04/2026, 17:05", 168.6, 166.6, 40.5
"27/04/2026, 17:10", 188.6, 185.1, 40.8
"27/04/2026, 17:15", 242.0, 239.9, 41.3
"27/04/2026, 17:20", 174.1, 170.4, 41.1
"27/04/2026, 17:25", 173.4, 170.4, 40.8
"27/04/2026, 17:30", 231.3, 229.1, 41.2
"27/04/2026, 17:35", 176.8, 173.2, 41.4
"27/04/2026, 17:40", 211.9, 209.3, 41.6
"27/04/2026, 17:45", 222.7, 220.2, 41.7
"27/04/2026, 17:50", 172.8, 169.1, 41.2
"27/04/2026, 17:55", 161.2, 158.1, 41.7
"27/04/2026, 18:00", 0.0, 0.0, 40.6
"27/04/2026, 18:05", 0.0, 0.0, 41.0
"27/04/2026, 18:10", 20.3, 17.7, 40.3
"27/04/2026, 18:15", 0.0, 0.0, 41.1
"27/04/2026, 18:20", 0.0, 0.0, 40.8
"27/04/2026, 18:25", 0.0, 0.0, 41.3
"27/04/2026, 18:30", 28.6, 25.8, 41.3
"27/04/2026, 18:35", 12.7, 9.7, 41.6
"27/04/2026, 18:40", 8.3, 6.3, 40.6
"27/04/2026, 18:45", 21.3, 17.8, 40.6
"27/04/2026, 18:50", 23.2, 21.0, 40.9
"27/04/2026, 18:55", 11.4, 8.8, 40.3
"27/04/2026, 19:00", 0.7, 0.0, 41.1
"27/04/2026, 19:05", 0.0, 0.0, 41.6
"27/04/2026, 19:10", 0.0, 0.0, 40.8
"27/04/2026, 19:15", 35.1, 32.4, 40.7
"27/04/2026, 19:20", 12.0, 8.5, 41.8
"27/04/2026, 19:25", 0.0, 0.0, 40.2
"27/04/2026, 19:30", 0.0, 0.0, 40.5
"27/04/2026, 19:35", 0.0, 0.0, 41.4
"27/04/2026, 19:40", 0.0, 0.0, 40.8
"27/04/2026, 19:45", 0.0, 0.0, 40.5
"27/04/2026, 19:50", 48.1, 44.5, 41.3
"27/04/2026, 19:55", 0.0, 0.0, 40.3
"27/04/2026, 20:00", 0.0, 0.0, 41.3
"27/04/2026, 20:05", 0.0, 0.0, 41.8
"27/04/2026, 20:10", 0.0, 0.0, 40.9
"27/04/2026, 20:15", 40.0, 36.7, 40.4
"27/04/2026, 20:20", 0.0, 0.0, 40.3
"27/04/2026, 20:25", 35.0, 31.8, 41.1
"27/04/2026, 20:30", 14.4, 10.7, 41.0
"27/04/2026, 20:35", 0.0, 0.0, 41.3
"27/04/2026, 20:40", 28.4, 24.6, 41.1
"27/04/2026, 20:45", 0.0, 0.0, 40.3
"27/04/2026, 20:50", 35.4, 32.6, 41.4
"27/04/2026, 20:55", 0.0, 0.0, 40.5
"27/04/2026, 21:00", 0.0, 0.0, 41.0
"27/04/2026, 21:05", 25.9, 23.8, 40.4
"27/04/2026, 21:10", 9.7, 6.8, 41.0
"27/04/2026, 21:15", 0.0, 0.0, 40.4
"27/04/2026, 21:20", 22.1, 18.4, 40.5
"27/04/2026, 21:25", 0.0, 0.0, 40.5
"27/04/2026, 21:30", 0.0, 0.0, 40.9
"27/04/2026, 21:35", 0.0, 0.0, 40.7
"27/04/2026, 21:40", 42.6, 39.4, 40.9
"27/04/2026, 21:45", 0.0, 0.0, 41.7
"27/04/2026, 21:50", 32.3, 28.6, 40.8
"27/04/2026, 21:55", 6.9, 3.4, 41.5
"27/04/2026, 22:00", 0.0, 0.0, 40.8
"27/04/2026, 22:05", 38.1, 34.8, 41.3
"27/04/2026, 22:10", 5.2, 2.3, 40.7
"27/04/2026, 22:15", 0.0, 0.0, 41.3
"27/04/2026, 22:20", 40.7, 37.7, 40.7
"27/04/2026, 22:25", 0.0, 0.0, 41.6
"27/04/2026, 22:30", 0.0, 0.0, 40.7
"27/04/2026, 22:35", 0.0, 0.0, 41.4
"27/04/2026, 22:40", 38.8, 35.6, 40.8
"27/04/2026, 22:45", 28.8, 26.0, 41.2
"27/04/2026, 22:50", 16.5, 13.2, 40.4
"27/04/2026, 22:55", 0.0, 0.0, 41.4
"27/04/2026, 23:00", 34.6, 32.4, 41.2
"27/04/2026, 23:05", 26.0, 22.1, 41.8
"27/04/2026, 23:10", 0.0, 0.0, 41.5
"27/04/2026, 23:15", 0.0, 0.0, 41.2
"27/04/2026, 23:20", 45.4, 42.0, 40.7
"27/04/2026, 23:25", 36.5, 32.7, 41.4
"27/04/2026, 23:30", 0.0, 0.0, 40.6
"27/04/2026, 23:35", 0.0, 0.0, 40.8
"27/04/2026, 23:40", 30.3, 27.5, 41.7
"27/04/2026, 23:45", 28.9, 25.1, 41.2
"27/04/2026, 23:50", 26.9, 23.4, 41.6
"27/04/2026, 23:55", 48.1, 45.9, 40.2
"28/04/2026, 00:00", 45.6, 42.4, 41.3
"28/04/2026, 00:05", 35.8, 31.9, 41.7
"28/04/2026, 00:10", 0.0, 0.0, 40.9
"28/04/2026, 00:15", 23.6, 21.0, 40.5
"28/04/2026, 00:20", 31.7, 29.3, 41.7
"28/04/2026, 00:25", 27.7, 23.7, 40.3
"28/04/2026, 00:30", 2.9, 0.0, 40.7
"28/04/2026, 00:35", 0.0, 0.0, 40.6
"28/04/2026, 00:40", 0.0, 0.0, 40.9
"28/04/2026, 00:45", 10.6, 7.0, 41.4
"28/04/2026, 00:50", 0.0, 0.0, 40.8
"28/04/2026, 00:55", 49.0, 45.1, 41.4
"28/04/2026, 01:00", 0.0, 0.0, 41.2
"28/04/2026, 01:05", 28.5, 25.9, 41.3
"28/04/2026, 01:10", 2.0, 0.0, 40.5
"28/04/2026, 01:15", 0.0, 0.0, 40.5
"28/04/2026, 01:20", 28.5, 25.2, 40.2
"28/04/2026, 01:25", 0.0, 0.0, 40.3
"28/04/2026, 01:30", 0.0, 0.0, 41.5
"28/04/2026, 01:35", 17.3, 13.8, 40.5
"28/04/2026, 01:40", 32.9, 30.5, 40.8
"28/04/2026, 01:45", 0.0, 0.0, 40.5
"28/04/2026, 01:50", 31.6, 28.7, 40.2
"28/04/2026, 01:55", 19.6, 16.7, 41.2
"28/04/2026, 02:00", 0.0, 0.0, 41.5
"28/04/2026, 02:05", 21.9, 18.4, 41.4
"28/04/2026, 02:10", 46.7, 43.7, 41.8
"28/04/2026, 02:15", 25.2, 22.2, 41.2
"28/04/2026, 02:20", 22.5, 19.2, 40.6
"28/04/2026, 02:25", 0.0, 0.0, 41.8
"28/04/2026, 02:30", 0.0, 0.0, 41.6
"28/04/2026, 02:35", 30.0, 26.9, 41.1
"28/04/2026, 02:40", 0.0, 0.0, 40.6
"28/04/2026, 02:45", 0.0, 0.0, 40.5
"28/04/2026, 02:50", 0.0, 0.0, 40.2
"28/04/2026, 02:55", 0.0, 0.0, 41.7
"28/04/2026, 03:00", 34.2, 30.3, 41.3
"28/04/2026, 03:05", 31.7, 28.9, 40.7
"28/04/2026, 03:10", 0.0, 0.0, 40.6
"28/04/2026, 03:15", 41.1, 38.8, 41.7
"28/04/2026, 03:20", 0.0, 0.0, 40.5
"28/04/2026, 03:25", 0.0, 0.0, 41.1
"28/04/2026, 03:30", 33.8, 29.8, 41.4
"28/04/2026, 03:35", 16.3, 12.9, 41.1
"28/04/2026, 03:40", 0.0, 0.0, 40.9
"28/04/2026, 03:45", 0.0, 0.0, 40.8
"28/04/2026, 03:50", 17.0, 14.7, 41.1
"28/04/2026, 03:55", 0.0, 0.0, 41.1
"28/04/2026, 04:00", 19.0, 16.9, 40.7
"28/04/2026, 04:05", 34.4, 30.6, 41.7
"28/04/2026, 04:10", 43.8, 40.9, 41.5
"28/04/2026, 04:15", 0.0, 0.0, 40.5
"28/04/2026, 04:20", 10.7, 8.2, 40.5
"28/04/2026, 04:25", 21.5, 17.5, 41.7
"28/04/2026, 04:30", 0.0, 0.0, 40.7
"28/04/2026, 04:35", 0.0, 0.0, 41.0
"28/04/2026, 04:40", 43.0, 40.8, 41.3
"28/04/2026, 04:45", 35.4, 31.5, 41.3
"28/04/2026, 04:50", 0.0, 0.0, 41.4
"28/04/2026, 04:55", 37.2, 33.6, 41.2
"28/04/2026, 05:00", 25.6, 22.8, 40.9
"28/04/2026, 05:05", 0.0, 0.0, 41.7
"28/04/2026, 05:10", 0.0, 0.0, 41.6
"28/04/2026, 05:15", 0.0, 0.0, 41.2
"28/04/2026, 05:20", 2.1, 0.0, 40.7
"28/04/2026, 05:25", 0.0, 0.0, 40.8
"28/04/2026, 05:30", 0.0, 0.0, 41.4
"28/04/2026, 05:35", 42.4, 38.4, 41.0
"28/04/2026, 05:40", 11.8, 9.3, 40.4
"28/04/2026, 05:45", 10.4, 7.3, 40.8
"28/04/2026, 05:50", 35.3, 32.3, 40.4
"28/04/2026, 05:55", 10.4, 8.2, 40.4
"28/04/2026, 06:00", 28.6, 25.8, 40.3
"28/04/2026, 06:05", 24.6, 22.3, 40.9
"28/04/2026, 06:10", 39.7, 36.8, 40.8
"28/04/2026, 06:15", 0.0, 0.0, 41.0
"28/04/2026, 06:20", 14.7, 11.7, 41.3
"28/04/2026, 06:25", 11.1, 8.8, 41.4
"28/04/2026, 06:30", 35.0, 32.2, 41.5
"28/04/2026, 06:35", 30.7, 28.0, 40.8
"28/04/2026, 06:40", 0.0, 0.0, 40.4
"28/04/2026, 06:45", 0.0, 0.0, 40.7
"28/04/2026, 06:50", 44.0, 40.5, 41.6
"28/04/2026, 06:55", 19.6, 16.8, 40.9
"28/04/2026, 07:00", 0.0, 0.0, 40.9
"28/04/2026, 07:05", 13.0, 9.2, 41.7
"28/04/2026, 07:10", 0.0, 0.0, 41.8
"28/04/2026, 07:15", 45.2, 42.8, 40.3
"28/04/2026, 07:20", 0.0, 0.0, 41.6
"28/04/2026, 07:25", 0.0, 0.0, 41.2
"28/04/2026, 07:30", 0.0, 0.0, 41.5
"28/04/2026, 07:35", 12.7, 9.3, 41.6
"28/04/2026, 07:40", 17.9, 14.1, 41.8
"28/04/2026, 07:45", 0.0, 0.0, 41.6
"28/04/2026, 07:50", 0.0, 0.0, 41.7
"28/04/2026, 07:55", 31.8, 28.7, 40.4
"28/04/2026, 08:00", 183.9, 181.6, 40.8
"28/04/2026, 08:05", 208.5, 204.7, 40.8
"28/04/2026, 08:10", 237.7, 234.4, 40.4
"28/04/2026, 08:15", 223.8, 221.8, 41.6
"28/04/2026, 08:20", 185.3, 182.8, 40.8
"28/04/2026, 08:25", 240.0, 236.4, 40.2
"28/04/2026, 08:30", 152.9, 150.7, 41.2
"28/04/2026, 08:35", 217.4, 214.9, 41.1
"28/04/2026, 08:40", 192.0, 189.0, 41.2
"28/04/2026, 08:45", 220.2, 217.7, 41.1
"28/04/2026, 08:50", 152.6, 149.8, 41.0
"28/04/2026, 08:55", 246.8, 244.2, 40.8
"28/04/2026, 09:00", 335.9, 332.6, 41.0
"28/04/2026, 09:05", 376.5, 373.9, 40.8
"28/04/2026, 09:10", 393.2, 389.2, 40.9
"28/04/2026, 09:15", 403.9, 401.8, 41.7
"28/04/2026, 09:20", 384.7, 382.4, 41.2
"28/04/2026, 09:25", 398.6, 395.3, 40.6
"28/04/2026, 09:30", 390.0, 386.9, 40.4
"28/04/2026, 09:35", 404.5, 400.7, 41.2
"28/04/2026, 09:40", 411.2, 409.0, 40.7
"28/04/2026, 09:45", 347.2, 344.5, 40.7
"28/04/2026, 09:50", 425.2, 422.8, 41.7
"28/04/2026, 09:55", 367.5, 365.4, 40.6
"28/04/2026, 10:00", 554.5, 551.6, 43.5
"28/04/2026, 10:05", 490.1, 487.2, 42.7
"28/04/2026, 10:10", 524.5, 521.0, 42.7
"28/04/2026, 10:15", 534.3, 530.5, 43.5
"28/04/2026, 10:20", 569.6, 565.8, 43.1
"28/04/2026, 10:25", 567.9, 565.5, 43.7
"28/04/2026, 10:30", 562.2, 559.4, 43.4
"28/04/2026, 10:35", 571.3, 568.5, 43.5
"28/04/2026, 10:40", 482.9, 479.1, 42.4
"28/04/2026, 10:45", 498.1, 494.4, 43.4
"28/04/2026, 10:50", 553.6, 549.7, 42.9
"28/04/2026, 10:55", 541.2, 537.8, 43.6
"28/04/2026, 11:00", 683.7, 680.6, 43.7
"28/04/2026, 11:05", 659.1, 657.1, 42.8
"28/04/2026, 11:10", 596.4, 594.0, 43.7
"28/04/2026, 11:15", 632.1, 629.4, 42.3
"28/04/2026, 11:20", 604.6, 600.9, 42.9
"28/04/2026, 11:25", 600.0, 597.3, 43.1
"28/04/2026, 11:30", 597.1, 593.2, 42.2
"28/04/2026, 11:35", 661.0, 657.4, 42.3
"28/04/2026, 11:40", 658.7, 656.6, 42.3
"28/04/2026, 11:45", 593.0, 589.9, 42.2
"28/04/2026, 11:50", 661.0, 658.1, 43.1
"28/04/2026, 11:55", 610.8, 608.5, 42.7
"28/04/2026, 12:00", 656.9, 653.8, 43.6
"28/04/2026, 12:05", 740.0, 736.4, 42.6
"28/04/2026, 12:10", 721.9, 719.2, 43.4
"28/04/2026, 12:15", 698.8, 695.7, 42.8
"28/04/2026, 12:20", 663.6, 660.7, 43.4
"28/04/2026, 12:25", 672.8, 668.9, 42.3
"28/04/2026, 12:30", 691.5, 687.6, 42.6
"28/04/2026, 12:35", 676.0, 672.0, 42.2
"28/04/2026, 12:40", 739.4, 736.6, 42.5
"28/04/2026, 12:45", 707.9, 705.8, 42.2
"28/04/2026, 12:50", 663.5, 659.9, 43.0
"28/04/2026, 12:55", 673.1, 671.1, 43.2
"28/04/2026, 13:00", 698.0, 694.4, 43.1
"28/04/2026, 13:05", 666.1, 663.0, 43.2
"28/04/2026, 13:10", 648.9, 646.8, 42.9
"28/04/2026, 13:15", 676.7, 672.8, 43.1
"28/04/2026, 13:20", 670.0, 667.9, 42.9
"28/04/2026, 13:25", 660.5, 658.2, 43.5
"28/04/2026, 13:30", 665.0, 661.3, 42.4
"28/04/2026, 13:35", 731.2, 728.7, 42.4
"28/04/2026, 13:40", 669.3, 666.9, 42.5
"28/04/2026, 13:45", 707.0, 703.9, 43.7
"28/04/2026, 13:50", 675.6, 672.4, 42.4
"28/04/2026, 13:55", 673.2, 670.8, 43.4
"28/04/2026, 14:00", 600.1, 596.2, 43.5
"28/04/2026, 14:05", 682.9, 679.3, 42.7
"28/04/2026, 14:10", 626.7, 623.6, 43.3
"28/04/2026, 14:15", 666.5, 664.1, 43.8
"28/04/2026, 14:20", 655.8, 652.3, 43.6
"28/04/2026, 14:25", 616.1, 613.2, 43.0
"28/04/2026, 14:30", 653.6, 651.3, 42.3
"28/04/2026, 14:35", 598.1, 594.5, 42.3
"28/04/2026, 14:40", 672.9, 670.4, 43.1
"28/04/2026, 14:45", 677.3, 675.2, 43.2
"28/04/2026, 14:50", 664.2, 661.8, 42.3
"28/04/2026, 14:55", 671.9, 669.4, 42.4
"28/04/2026, 15:00", 491.9, 489.8, 42.8
"28/04/2026, 15:05", 482.5, 479.8, 43.8
"28/04/2026, 15:10", 510.0, 507.2, 43.8
"28/04/2026, 15:15", 517.6, 515.0, 42.5
"28/04/2026, 15:20", 544.7, 542.2, 43.7
"28/04/2026, 15:25", 527.8, 525.0, 43.1
"28/04/2026, 15:30", 494.0, 491.5, 42.3
"28/04/2026, 15:35", 551.9, 549.3, 42.4
"28/04/2026, 15:40", 516.8, 513.6, 43.1
"28/04/2026, 15:45", 502.5, 499.6, 42.6
"28/04/2026, 15:50", 497.1, 494.1, 42.2
"28/04/2026, 15:55", 479.9, 476.5, 42.7
"28/04/2026, 16:00", 351.9, 348.8, 43.6
"28/04/2026, 16:05", 380.0, 377.2, 43.4
"28/04/2026, 16:10", 368.6, 365.7, 43.0
"28/04/2026, 16:15", 392.0, 389.4, 42.3