Timestamp,IO SCALE FACTOR,SMP Broad Irradiance  (W/m²),SMP Raw Irradiance  (W/m²),Body Temperature  (°C),IO Operation Mode ,IO STATUS FLAG 
"21/04/2026, 00:00", 0, 0, 8, 41.7, 1, 8
"21/04/2026, 00:05", 0, 0, 7, 40.4, 1, 8
"21/04/2026, 00:10", 0, 1, 7, 40.8, 1, 8
"21/04/2026, 00:15", 0, 7, 18, 40.9, 1, 8
"21/04/2026, 00:20", 0, 0, 6, 40.5, 1, 8
"21/04/2026, 00:25", 0, 13, 23, 40.6, 1, 8
"21/04/2026, 00:30", 0, 0, 10, 40.4, 1, 8
"21/04/2026, 00:35", 0, 0, 10, 40.4, 1, 8
"21/04/2026, 00:40", 0, 43, 53, 41.6, 1, 8
"21/04/2026, 00:45", 0, 0, 10, 41.4, 1, 8
"21/04/2026, 00:50", 0, 0, 5, 41.5, 1, 8
"21/04/2026, 00:55", 0, 0, 9, 41.7, 1, 8
"21/04/2026, 01:00", 0, 0, 11, 41.6, 1, 8
"21/04/2026, 01:05", 0, 0, 10, 41.3, 1, 8
"21/04/2026, 01:10", 0, 20, 30, 41.7, 1, 8
"21/04/2026, 01:15", 0, 0, 7, 40.8, 1, 8
"21/04/2026, 01:20", 0, 42, 52, 41.3, 1, 8
"21/04/2026, 01:25", 0, 0, 7, 41.0, 1, 8
"21/04/2026, 01:30", 0, 0, 7, 41.8, 1, 8
"21/04/2026, 01:35", 0, 0, 10, 41.6, 1, 8
"21/04/2026, 01:40", 0, 0, 8, 41.8, 1, 8
"21/04/2026, 01:45", 0, 28, 39, 40.7, 1, 8
"21/04/2026, 01:50", 0, 27, 34, 41.0, 1, 8
"21/04/2026, 01:55", 0, 58, 67, 41.3, 1, 8
"21/04/2026, 02:00", 0, 17, 22, 41.3, 1, 8
"21/04/2026, 02:05", 0, 0, 10, 41.7, 1, 8
"21/04/2026, 02:10", 0, 0, 8, 41.1, 1, 8
"21/04/2026, 02:15", 0, 0, 6, 40.9, 1, 8
"21/04/2026, 02:20", 0, 0, 10, 41.4, 1, 8
"21/04/2026, 02:25", 0, 0, 7, 41.7, 1, 8
"21/04/2026, 02:30", 0, 30, 39, 40.5, 1, 8
"21/04/2026, 02:35", 0, 29, 37, 40.5, 1, 8
"21/04/2026, 02:40", 0, 5, 13, 41.4, 1, 8
"21/04/2026, 02:45", 0, 25, 31, 40.6, 1, 8
"21/04/2026, 02:50", 0, 3, 9, 41.6, 1, 8
"21/04/2026, 02:55", 0, 0, 10, 41.5, 1, 8
"21/04/2026, 03:00", 0, 39, 47, 40.3, 1, 8
"21/04/2026, 03:05", 0, 0, 7, 41.7, 1, 8
"21/04/2026, 03:10", 0, 0, 5, 41.0, 1, 8
"21/04/2026, 03:15", 0, 0, 6, 41.7, 1, 8
"21/04/2026, 03:20", 0, 25, 31, 40.7, 1, 8
"21/04/2026, 03:25", 0, 11, 17, 41.7, 1, 8
"21/04/2026, 03:30", 0, 59, 66, 41.4, 1, 8
"21/04/2026, 03:35", 0, 0, 6, 40.3, 1, 8
"21/04/2026, 03:40", 0, 17, 25, 41.8, 1, 8
"21/04/2026, 03:45", 0, 0, 8, 40.9, 1, 8
"21/04/2026, 03:50", 0, 0, 10, 41.4, 1, 8
"21/04/2026, 03:55", 0, 0, 9, 40.6, 1, 8
"21/04/2026, 04:00", 0, 53, 64, 40.9, 1, 8
"21/04/2026, 04:05", 0, 2, 13, 40.9, 1, 8
"21/04/2026, 04:10", 0, 31, 41, 40.5, 1, 8
"21/04/2026, 04:15", 0, 0, 5, 41.5, 1, 8
"21/04/2026, 04:20", 0, 0, 9, 41.2, 1, 8
"21/04/2026, 04:25", 0, 0, 11, 40.7, 1, 8
"21/04/2026, 04:30", 0, 22, 27, 41.8, 1, 8
"21/04/2026, 04:35", 0, 56, 63, 40.4, 1, 8
"21/04/2026, 04:40", 0, 0, 10, 40.9, 1, 8
"21/04/2026, 04:45", 0, 42, 49, 41.0, 1, 8
"21/04/2026, 04:50", 0, 0, 8, 41.2, 1, 8
"21/04/2026, 04:55", 0, 0, 6, 41.5, 1, 8
"21/04/2026, 05:00", 0, 30, 37, 40.9, 1, 8
"21/04/2026, 05:05", 0, 0, 7, 40.7, 1, 8
"21/04/2026, 05:10", 0, 0, 8, 40.9, 1, 8
"21/04/2026, 05:15", 0, 0, 9, 40.4, 1, 8
"21/04/2026, 05:20", 0, 0, 11, 40.9, 1, 8
"21/04/2026, 05:25", 0, 0, 5, 41.8, 1, 8
"21/04/2026, 05:30", 0, 33, 41, 41.3, 1, 8
"21/04/2026, 05:35", 0, 0, 7, 40.3, 1, 8
"21/04/2026, 05:40", 0, 0, 5, 40.7, 1, 8
"21/04/2026, 05:45", 0, 0, 10, 41.2, 1, 8
"21/04/2026, 05:50", 0, 0, 9, 40.7, 1, 8
"21/04/2026, 05:55", 0, 17, 23, 41.5, 1, 8
"21/04/2026, 06:00", 0, 0, 9, 41.4, 1, 8
"21/04/2026, 06:05", 0, 0, 7, 41.6, 1, 8
"21/04/2026, 06:10", 0, 25, 32, 40.2, 1, 8
"21/04/2026, 06:15", 0, 0, 9, 41.8, 1, 8
"21/04/2026, 06:20", 0, 30, 41, 40.3, 1, 8
"21/04/2026, 06:25", 0, 0, 7, 41.4, 1, 8
"21/04/2026, 06:30", 0, 0, 6, 40.2, 1, 8
"21/04/2026, 06:35", 0, 1, 7, 41.4, 1, 8
"21/04/2026, 06:40", 0, 0, 9, 41.1, 1, 8
"21/04/2026, 06:45", 0, 0, 7, 41.5, 1, 8
"21/04/2026, 06:50", 0, 0, 10, 40.5, 1, 8
"21/04/2026, 06:55", 0, 2, 13, 41.5, 1, 8
"21/04/2026, 07:00", 0, 0, 8, 41.5, 1, 8
"21/04/2026, 07:05", 0, 0, 10, 41.0, 1, 8
"21/04/2026, 07:10", 0, 0, 10, 41.5, 1, 8
"21/04/2026, 07:15", 0, 0, 8, 40.9, 1, 8
"21/04/2026, 07:20", 0, 25, 35, 40.6, 1, 8
"21/04/2026, 07:25", 0, 0, 6, 40.4, 1, 8
"21/04/2026, 07:30", 0, 4, 13, 41.5, 1, 8
"21/04/2026, 07:35", 0, 14, 23, 41.6, 1, 8
"21/04/2026, 07:40", 0, 0, 6, 40.8, 1, 8
"21/04/2026, 07:45", 0, 35, 44, 41.0, 1, 8
"21/04/2026, 07:50", 0, 12, 22, 41.7, 1, 8
"21/04/2026, 07:55", 0, 1, 6, 41.8, 1, 8
"21/04/2026, 08:00", 0, 240, 246, 40.3, 1, 8
"21/04/2026, 08:05", 0, 210, 219, 41.0, 1, 8
"21/04/2026, 08:10", 0, 281, 290, 41.2, 1, 8
"21/04/2026, 08:15", 0, 261, 267, 41.4, 1, 8
"21/04/2026, 08:20", 0, 281, 288, 41.1, 1, 8
"21/04/2026, 08:25", 0, 193, 202, 41.5, 1, 8
"21/04/2026, 08:30", 0, 243, 250, 40.6, 1, 8
"21/04/2026, 08:35", 0, 258, 268, 40.3, 1, 8
"21/04/2026, 08:40", 0, 244, 252, 41.0, 1, 8
"21/04/2026, 08:45", 0, 251, 260, 41.4, 1, 8
"21/04/2026, 08:50", 0, 182, 187, 40.4, 1, 8
"21/04/2026, 08:55", 0, 241, 247, 41.7, 1, 8
"21/04/2026, 09:00", 0, 411, 417, 41.5, 1, 8
"21/04/2026, 09:05", 0, 488, 498, 41.6, 1, 8
"21/04/2026, 09:10", 0, 377, 387, 41.5, 1, 8
"21/04/2026, 09:15", 0, 399, 406, 41.1, 1, 8
"21/04/2026, 09:20", 0, 395, 402, 40.9, 1, 8
"21/04/2026, 09:25", 0, 420, 426, 41.3, 1, 8
"21/04/2026, 09:30", 0, 395, 401, 41.1, 1, 8
"21/04/2026, 09:35", 0, 406, 414, 41.2, 1, 8
"21/04/2026, 09:40", 0, 474, 479, 41.0, 1, 8
"21/04/2026, 09:45", 0, 418, 424, 40.9, 1, 8
"21/04/2026, 09:50", 0, 436, 443, 40.9, 1, 8
"21/04/2026, 09:55", 0, 454, 460, 41.2, 1, 8
"21/04/2026, 10:00", 0, 638, 645, 43.6, 1, 8
"21/04/2026, 10:05", 0, 640, 645, 42.6, 1, 8
"21/04/2026, 10:10", 0, 548, 553, 42.7, 1, 8
"21/04/2026, 10:15", 0, 605, 614, 42.4, 1, 8
"21/04/2026, 10:20", 0, 658, 665, 42.4, 1, 8
"21/04/2026, 10:25", 0, 649, 655, 43.4, 1, 8
"21/04/2026, 10:30", 0, 651, 658, 42.9, 1, 8
"21/04/2026, 10:35", 0, 607, 617, 42.6, 1, 8
"21/04/2026, 10:40", 0, 601, 606, 42.9, 1, 8
"21/04/2026, 10:45", 0, 611, 617, 42.5, 1, 8
"21/04/2026, 10:50", 0, 632, 641, 43.5, 1, 8
"21/04/2026, 10:55", 0, 621, 630, 43.1, 1, 8
"21/04/2026, 11:00", 0, 703, 708, 42.6, 1, 8
"21/04/2026, 11:05", 0, 786, 797, 43.2, 1, 8
"21/04/2026, 11:10", 0, 708, 716, 42.9, 1, 8
"21/04/2026, 11:15", 0, 770, 776, 42.5, 1, 8
"21/04/2026, 11:20", 0, 689, 698, 42.5, 1, 8
"21/04/2026, 11:25", 0, 674, 681, 42.7, 1, 8
"21/04/2026, 11:30", 0, 706, 712, 42.8, 1, 8
"21/04/2026, 11:35", 0, 699, 704, 43.3, 1, 8
"21/04/2026, 11:40", 0, 747, 754, 43.3, 1, 8
"21/04/2026, 11:45", 0, 751, 761, 43.1, 1, 8
"21/04/2026, 11:50", 0, 776, 785, 42.6, 1, 8
"21/04/2026, 11:55", 0, 786, 796, 43.1, 1, 8
"21/04/2026, 12:00", 0, 792, 798, 43.5, 1, 8
"21/04/2026, 12:05", 0, 842, 851, 42.3, 1, 8
"21/04/2026, 12:10", 0, 800, 806, 43.3, 1, 8
"21/04/2026, 12:15", 0, 813, 823, 43.5, 1, 8
"21/04/2026, 12:20", 0, 841, 852, 43.7, 1, 8
"21/04/2026, 12:25", 0, 848, 854, 42.4, 1, 8
"21/04/2026, 12:30", 0, 820, 830, 43.1, 1, 8
"21/04/2026, 12:35", 0, 735, 740, 42.8, 1, 8
"21/04/2026, 12:40", 0, 761, 769, 42.4, 1, 8
"21/04/2026, 12:45", 0, 789, 797, 42.4, 1, 8
"21/04/2026, 12:50", 0, 794, 802, 42.3, 1, 8
"21/04/2026, 12:55", 0, 752, 763, 42.9, 1, 8
"21/04/2026, 13:00", 0, 820, 828, 43.1, 1, 8
"21/04/2026, 13:05", 0, 832, 838, 43.4, 1, 8
"21/04/2026, 13:10", 0, 792, 797, 42.7, 1, 8
"21/04/2026, 13:15", 0, 846, 851, 43.5, 1, 8
"21/04/2026, 13:20", 0, 812, 818, 43.3, 1, 8
"21/04/2026, 13:25", 0, 738, 744, 43.5, 1, 8
"21/04/2026, 13:30", 0, 795, 805, 43.5, 1, 8
"21/04/2026, 13:35", 0, 772, 778, 43.0, 1, 8
"21/04/2026, 13:40", 0, 734, 745, 43.0, 1, 8
"21/04/2026, 13:45", 0, 734, 742, 42.4, 1, 8
"21/04/2026, 13:50", 0, 810, 821, 43.8, 1, 8
"21/04/2026, 13:55", 0, 765, 771, 43.0, 1, 8
"21/04/2026, 14:00", 0, 704, 713, 42.7, 1, 8
"21/04/2026, 14:05", 0, 771, 782, 43.5, 1, 8
"21/04/2026, 14:10", 0, 673, 683, 42.4, 1, 8
"21/04/2026, 14:15", 0, 712, 721, 42.8, 1, 8
"21/04/2026, 14:20", 0, 692, 699, 43.7, 1, 8
"21/04/2026, 14:25", 0, 739, 746, 43.4, 1, 8
"21/04/2026, 14:30", 0, 677, 682, 42.7, 1, 8
"21/04/2026, 14:35", 0, 710, 716, 43.4, 1, 8
"21/04/2026, 14:40", 0, 694, 703, 43.6, 1, 8
"21/04/2026, 14:45", 0, 673, 678, 43.3, 1, 8
"21/04/2026, 14:50", 0, 710, 719, 43.6, 1, 8
"21/04/2026, 14:55", 0, 731, 736, 43.0, 1, 8
"21/04/2026, 15:00", 0, 588, 596, 42.6, 1, 8
"21/04/2026, 15:05", 0, 651, 658, 43.7, 1, 8
"21/04/2026, 15:10", 0, 645, 653, 42.2, 1, 8
"21/04/2026, 15:15", 0, 614, 625, 43.1, 1, 8
"21/04/2026, 15:20", 0, 637, 645, 43.6, 1, 8
"21/04/2026, 15:25", 0, 633, 640, 42.5, 1, 8
"21/04/2026, 15:30", 0, 547, 552, 42.3, 1, 8
"21/04/2026, 15:35", 0, 620, 629, 42.8, 1, 8
"21/04/2026, 15:40", 0, 627, 636, 42.7, 1, 8
"21/04/2026, 15:45", 0, 559, 565, 42.5, 1, 8
"21/04/2026, 15:50", 0, 613, 621, 42.4, 1, 8
"21/04/2026, 15:55", 0, 660, 670, 43.6, 1, 8
"21/04/2026, 16:00", 0, 461, 471, 43.3, 1, 8
"21/04/2026, 16:05", 0, 379, 389, 42.3, 1, 8
"21/04/2026, 16:10", 0, 407, 416, 43.7, 1, 8
"21/04/2026, 16:15", 0, 451, 460, 42.4, 1, 8
"21/04/2026, 16:20", 0, 486, 497, 42.8, 1, 8
"21/04/2026, 16:25", 0, 475, 484, 43.6, 1, 8
"21/04/2026, 16:30", 0, 400, 410, 43.8, 1, 8
"21/04/2026, 16:35", 0, 384, 389, 43.7, 1, 8
"21/04/2026, 16:40", 0, 478, 483, 42.8, 1, 8
"21/04/2026, 16:45", 0, 439, 446, 43.7, 1, 8
"21/04/2026, 16:50", 0, 436, 442, 43.7, 1, 8
"21/04/2026, 16:55", 0, 491, 499, 43.5, 1, 8
"21/04/2026, 17:00", 0, 274, 284, 41.0, 1, 8
"21/04/2026, 17:05", 0, 186, 196, 41.3, 1, 8
"21/04/2026, 17:10", 0, 173, 180, 40.3, 1, 8
"21/04/2026, 17:15", 0, 262, 269, 41.0, 1, 8
"21/04/2026, 17:20", 0, 172, 183, 41.5, 1, 8
"21/04/2026, 17:25", 0, 269, 274, 40.4, 1, 8
"21/04/2026, 17:30", 0, 249, 258, 40.6, 1, 8
"21/04/2026, 17:35", 0, 239, 247, 40.3, 1, 8
"21/04/2026, 17:40", 0, 182, 193, 41.5, 1, 8
"21/04/2026, 17:45", 0, 224, 231, 41.5, 1, 8
"21/04/2026, 17:50", 0, 167, 174, 41.3, 1, 8
"21/04/2026, 17:55", 0, 191, 199, 41.6, 1, 8
"21/04/2026, 18:00", 0, 6, 13, 41.1, 1, 8
"21/04/2026, 18:05", 0, 18, 27, 40.6, 1, 8
"21/04/2026, 18:10", 0, 27, 36, 40.8, 1, 8
"21/04/2026, 18:15", 0, 0, 6, 40.2, 1, 8
"21/04/2026, 18:20", 0, 47, 54, 41.1, 1, 8
"21/04/2026, 18:25", 0, 50, 56, 41.1, 1, 8
"21/04/2026, 18:30", 0, 0, 9, 41.0, 1, 8
"21/04/2026, 18:35", 0, 0, 6, 40.4, 1, 8
"21/04/2026, 18:40", 0, 0, 10, 40.4, 1, 8
"21/04/2026, 18:45", 0, 0, 7, 40.8, 1, 8
"21/04/2026, 18:50", 0, 0, 6, 41.5, 1, 8
"21/04/2026, 18:55", 0, 0, 8, 40.4, 1, 8
"21/04/2026, 19:00", 0, 8, 14, 41.6, 1, 8
"21/04/2026, 19:05", 0, 0, 7, 41.5, 1, 8
"21/04/2026, 19:10", 0, 0, 11, 41.5, 1, 8
"21/04/2026, 19:15", 0, 0, 11, 41.0, 1, 8
"21/04/2026, 19:20", 0, 0, 10, 41.4, 1, 8
"21/04/2026, 19:25", 0, 30, 39, 41.1, 1, 8
"21/04/2026, 19:30", 0, 0, 6, 40.9, 1, 8
"21/04/2026, 19:35", 0, 0, 9, 41.7, 1, 8
"21/04/2026, 19:40", 0, 35, 42, 40.4, 1, 8
"21/04/2026, 19:45", 0, 17, 28, 40.6, 1, 8
"21/04/2026, 19:50", 0, 39, 50, 41.6, 1, 8
"21/04/2026, 19:55", 0, 52, 59, 41.7, 1, 8
"21/04/2026, 20:00", 0, 60, 71, 40.6, 1, 8
"21/04/2026, 20:05", 0, 0, 5, 41.8, 1, 8
"21/04/2026, 20:10", 0, 9, 17, 41.0, 1, 8
"21/04/2026, 20:15", 0, 56, 64, 41.6, 1, 8
"21/04/2026, 20:20", 0, 0, 6, 41.5, 1, 8
"21/04/2026, 20:25", 0, 38, 47, 40.9, 1, 8
"21/04/2026, 20:30", 0, 0, 6, 40.7, 1, 8
"21/04/2026, 20:35", 0, 42, 49, 40.6, 1, 8
"21/04/2026, 20:40", 0, 0, 6, 41.0, 1, 8
"21/04/2026, 20:45", 0, 0, 8, 40.2, 1, 8
"21/04/2026, 20:50", 0, 7, 13, 40.5, 1, 8
"21/04/2026, 20:55", 0, 0, 6, 41.4, 1, 8
"21/04/2026, 21:00", 0, 50, 60, 41.4, 1, 8
"21/04/2026, 21:05", 0, 58, 64, 40.9, 1, 8
"21/04/2026, 21:10", 0, 0, 10, 40.9, 1, 8
"21/04/2026, 21:15", 0, 0, 7, 40.6, 1, 8
"21/04/2026, 21:20", 0, 48, 55, 40.9, 1, 8
"21/04/2026, 21:25", 0, 0, 11, 40.5, 1, 8
"21/04/2026, 21:30", 0, 0, 11, 41.4, 1, 8
"21/04/2026, 21:35", 0, 0, 6, 41.2, 1, 8
"21/04/2026, 21:40", 0, 0, 9, 41.0, 1, 8
"21/04/2026, 21:45", 0, 20, 29, 41.4, 1, 8
"21/04/2026, 21:50", 0, 19, 27, 40.3, 1, 8
"21/04/2026, 21:55", 0, 0, 8, 41.6, 1, 8
"21/04/2026, 22:00", 0, 33, 39, 41.8, 1, 8
"21/04/2026, 22:05", 0, 18, 28, 41.0, 1, 8
"21/04/2026, 22:10", 0, 36, 45, 40.8, 1, 8
"21/04/2026, 22:15", 0, 51, 56, 41.0, 1, 8
"21/04/2026, 22:20", 0, 0, 7, 41.0, 1, 8
"21/04/2026, 22:25", 0, 0, 9, 41.0, 1, 8
"21/04/2026, 22:30", 0, 0, 7, 40.7, 1, 8
"21/04/2026, 22:35", 0, 0, 6, 40.4, 1, 8
"21/04/2026, 22:40", 0, 24, 34, 41.4, 1, 8
"21/04/2026, 22:45", 0, 0, 8, 40.9, 1, 8
"21/04/2026, 22:50", 0, 0, 8, 41.6, 1, 8
"21/04/2026, 22:55", 0, 0, 6, 41.3, 1, 8
"21/04/2026, 23:00", 0, 0, 7, 40.8, 1, 8
"21/04/2026, 23:05", 0, 0, 6, 41.4, 1, 8
"21/04/2026, 23:10", 0, 0, 10, 40.4, 1, 8
"21/04/2026, 23:15", 0, 0, 7, 40.4, 1, 8
"21/04/2026, 23:20", 0, 53, 61, 41.3, 1, 8
"21/04/2026, 23:25", 0, 26, 33, 40.6, 1, 8
"21/04/2026, 23:30", 0, 44, 55, 40.2, 1, 8
"21/04/2026, 23:35", 0, 22, 29, 41.1, 1, 8
"21/04/2026, 23:40", 0, 0, 6, 40.5, 1, 8
"21/04/2026, 23:45", 0, 0, 8, 41.5, 1, 8
"21/04/2026, 23:50", 0, 51, 60, 40.6, 1, 8
"21/04/2026, 23:55", 0, 0, 8, 40.7, 1, 8
"22/04/2026, 00:00", 0, 0, 9, 40.6, 1, 8
"22/04/2026, 00:05", 0, 0, 11, 41.3, 1, 8
"22/04/2026, 00:10", 0, 38, 47, 41.1, 1, 8
"22/04/2026, 00:15", 0, 11, 21, 41.0, 1, 8
"22/04/2026, 00:20", 0, 0, 7, 40.3, 1, 8
"22/04/2026, 00:25", 0, 35, 43, 41.5, 1, 8
"22/04/2026, 00:30", 0, 0, 9, 40.9, 1, 8
"22/04/2026, 00:35", 0, 0, 11, 41.4, 1, 8
"22/04/2026, 00:40", 0, 0, 5, 41.0, 1, 8
"22/04/2026, 00:45", 0, 16, 21, 40.7, 1, 8
"22/04/2026, 00:50", 0, 0, 7, 40.7, 1, 8
"22/04/2026, 00:55", 0, 58, 64, 41.7, 1, 8
"22/04/2026, 01:00", 0, 3, 9, 41.0, 1, 8
"22/04/2026, 01:05", 0, 19, 29, 41.5, 1, 8
"22/04/2026, 01:10", 0, 0, 6, 40.7, 1, 8
"22/04/2026, 01:15", 0, 43, 49, 40.2, 1, 8
"22/04/2026, 01:20", 0, 12, 19, 41.3, 1, 8
"22/04/2026, 01:25", 0, 0, 11, 40.8, 1, 8
"22/04/2026, 01:30", 0, 59, 69, 40.3, 1, 8
"22/04/2026, 01:35", 0, 2, 10, 41.5, 1, 8
"22/04/2026, 01:40", 0, 0, 5, 41.1, 1, 8
"22/04/2026, 01:45", 0, 0, 6, 41.1, 1, 8
"22/04/2026, 01:50", 0, 0, 7, 41.4, 1, 8
"22/04/2026, 01:55", 0, 0, 9, 40.7, 1, 8
"22/04/2026, 02:00", 0, 26, 31, 41.6, 1, 8
"22/04/2026, 02:05", 0, 14, 25, 41.6, 1, 8
"22/04/2026, 02:10", 0, 0, 9, 40.4, 1, 8
"22/04/2026, 02:15", 0, 5, 15, 41.7, 1, 8
"22/04/2026, 02:20", 0, 0, 6, 40.2, 1, 8
"22/04/2026, 02:25", 0, 0, 6, 40.9, 1, 8
"22/04/2026, 02:30", 0, 0, 7, 40.7, 1, 8
"22/04/2026, 02:35", 0, 0, 10, 41.2, 1, 8
"22/04/2026, 02:40", 0, 23, 29, 40.9, 1, 8
"22/04/2026, 02:45", 0, 0, 11, 40.3, 1, 8
"22/04/2026, 02:50", 0, 25, 31, 41.0, 1, 8
"22/04/2026, 02:55", 0, 59, 70, 40.4, 1, 8
"22/04/2026, 03:00", 0, 0, 11, 41.4, 1, 8
"22/04/2026, 03:05", 0, 0, 6, 41.3, 1, 8
"22/04/2026, 03:10", 0, 0, 6, 40.2, 1, 8
"22/04/2026, 03:15", 0, 23, 30, 41.5, 1, 8
"22/04/2026, 03:20", 0, 26, 36, 40.9, 1, 8
"22/04/2026, 03:25", 0, 0, 8, 41.8, 1, 8
"22/04/2026, 03:30", 0, 51, 60, 41.0, 1, 8
"22/04/2026, 03:35", 0, 0, 5, 41.7, 1, 8
"22/04/2026, 03:40", 0, 0, 6, 40.5, 1, 8
"22/04/2026, 03:45", 0, 0, 7, 40.2, 1, 8
"22/04/2026, 03:50", 0, 16, 22, 40.5, 1, 8
"22/04/2026, 03:55", 0, 0, 6, 40.9, 1, 8
"22/04/2026, 04:00", 0, 0, 6, 41.7, 1, 8
"22/04/2026, 04:05", 0, 34, 43, 40.9, 1, 8
"22/04/2026, 04:10", 0, 0, 10, 40.8, 1, 8
"22/04/2026, 04:15", 0, 18, 23, 41.6, 1, 8
"22/04/2026, 04:20", 0, 11, 20, 41.6, 1, 8
"22/04/2026, 04:25", 0, 4, 11, 41.7, 1, 8
"22/04/2026, 04:30", 0, 22, 28, 40.7, 1, 8
"22/04/2026, 04:35", 0, 18, 27, 40.7, 1, 8
"22/04/2026, 04:40", 0, 0, 6, 41.4, 1, 8
"22/04/2026, 04:45", 0, 15, 23, 41.2, 1, 8
"22/04/2026, 04:50", 0, 0, 11, 40.4, 1, 8
"22/04/2026, 04:55", 0, 28, 37, 41.3, 1, 8
"22/04/2026, 05:00", 0, 0, 5, 40.3, 1, 8
"22/04/2026, 05:05", 0, 0, 9, 41.5, 1, 8
"22/04/2026, 05:10", 0, 0, 11, 40.4, 1, 8
"22/04/2026, 05:15", 0, 51, 62, 40.6, 1, 8
"22/04/2026, 05:20", 0, 0, 7, 41.0, 1, 8
"22/04/2026, 05:25", 0, 0, 5, 40.4, 1, 8
"22/04/2026, 05:30", 0, 0, 9, 40.5, 1, 8
"22/04/2026, 05:35", 0, 44, 53, 41.2, 1, 8
"22/04/2026, 05:40", 0, 37, 43, 41.3, 1, 8
"22/04/2026, 05:45", 0, 7, 15, 41.5, 1, 8
"22/04/2026, 05:50", 0, 0, 5, 41.0, 1, 8
"22/04/2026, 05:55", 0, 0, 8, 41.4, 1, 8
"22/04/2026, 06:00", 0, 0, 7, 41.5, 1, 8
"22/04/2026, 06:05", 0, 14, 19, 41.2, 1, 8
"22/04/2026, 06:10", 0, 0, 11, 40.8, 1, 8
"22/04/2026, 06:15", 0, 3, 13, 40.5, 1, 8
"22/04/2026, 06:20", 0, 50, 59, 41.0, 1, 8
"22/04/2026, 06:25", 0, 0, 5, 41.5, 1, 8
"22/04/2026, 06:30", 0, 59, 66, 40.9, 1, 8
"22/04/2026, 06:35", 0, 60, 69, 40.3, 1, 8
"22/04/2026, 06:40", 0, 0, 7, 41.5, 1, 8
"22/04/2026, 06:45", 0, 0, 5, 41.7, 1, 8
"22/04/2026, 06:50", 0, 0, 7, 40.6, 1, 8
"22/04/2026, 06:55", 0, 0, 8, 41.4, 1, 8
"22/04/2026, 07:00", 0, 0, 8, 41.3, 1, 8
"22/04/2026, 07:05", 0, 0, 5, 40.3, 1, 8
"22/04/2026, 07:10", 0, 17, 24, 41.0, 1, 8
"22/04/2026, 07:15", 0, 0, 5, 41.5, 1, 8
"22/04/2026, 07:20", 0, 0, 7, 40.6, 1, 8
"22/04/2026, 07:25", 0, 0, 6, 41.7, 1, 8
"22/04/2026, 07:30", 0, 0, 8, 40.9, 1, 8
"22/04/2026, 07:35", 0, 55, 61, 40.8, 1, 8
"22/04/2026, 07:40", 0, 10, 18, 40.4, 1, 8
"22/04/2026, 07:45", 0, 24, 35, 40.3, 1, 8
"22/04/2026, 07:50", 0, 43, 52, 41.0, 1, 8
"22/04/2026, 07:55", 0, 43, 54, 40.9, 1, 8
"22/04/2026, 08:00", 0, 199, 207, 41.7, 1, 8
"22/04/2026, 08:05", 0, 265, 275, 40.3, 1, 8
"22/04/2026, 08:10", 0, 244, 250, 41.7, 1, 8
"22/04/2026, 08:15", 0, 244, 250, 41.2, 1, 8
"22/04/2026, 08:20", 0, 182, 191, 41.2, 1, 8
"22/04/2026, 08:25", 0, 271, 278, 40.6, 1, 8
"22/04/2026, 08:30", 0, 190, 198, 40.6, 1, 8
"22/04/2026, 08:35", 0, 183, 190, 41.1, 1, 8
"22/04/2026, 08:40", 0, 248, 253, 41.2, 1, 8
"22/04/2026, 08:45", 0, 166, 177, 40.8, 1, 8
"22/04/2026, 08:50", 0, 170, 178, 41.0, 1, 8
"22/04/2026, 08:55", 0, 208, 215, 41.4, 1, 8
"22/04/2026, 09:00", 0, 409, 420, 40.3, 1, 8
"22/04/2026, 09:05", 0, 475, 480, 41.7, 1, 8
"22/04/2026, 09:10", 0, 476, 482, 40.3, 1, 8
"22/04/2026, 09:15", 0, 402, 411, 40.3, 1, 8
"22/04/2026, 09:20", 0, 373, 382, 41.2, 1, 8
"22/04/2026, 09:25", 0, 403, 410, 40.6, 1, 8
"22/04/2026, 09:30", 0, 465, 473, 41.8, 1, 8
"22/04/2026, 09:35", 0, 433, 439, 41.7, 1, 8
"22/04/2026, 09:40", 0, 449, 458, 41.5, 1, 8
"22/04/2026, 09:45", 0, 390, 399, 41.1, 1, 8
"22/04/2026, 09:50", 0, 478, 485, 41.2, 1, 8
"22/04/2026, 09:55", 0, 377, 385, 41.2, 1, 8
"22/04/2026, 10:00", 0, 661, 666, 43.5, 1, 8
"22/04/2026, 10:05", 0, 665, 673, 43.5, 1, 8
"22/04/2026, 10:10", 0, 661, 670, 42.5, 1, 8
"22/04/2026, 10:15", 0, 657, 665, 42.7, 1, 8
"22/04/2026, 10:20", 0, 650, 656, 43.1, 1, 8
"22/04/2026, 10:25", 0, 596, 606, 43.0, 1, 8
"22/04/2026, 10:30", 0, 552, 560, 42.6, 1, 8
"22/04/2026, 10:35", 0, 593, 603, 43.1, 1, 8
"22/04/2026, 10:40", 0, 620, 629, 42.5, 1, 8
"22/04/2026, 10:45", 0, 653, 664, 43.7, 1, 8
"22/04/2026, 10:50", 0, 623, 632, 42.9, 1, 8
"22/04/2026, 10:55", 0, 578, 584, 42.4, 1, 8
"22/04/2026, 11:00", 0, 744, 750, 43.6, 1, 8
"22/04/2026, 11:05", 0, 758, 769, 42.7, 1, 8
"22/04/2026, 11:10", 0, 785, 794, 43.5, 1, 8
"22/04/2026, 11:15", 0, 670, 678, 43.2, 1, 8
"22/04/2026, 11:20", 0, 716, 721, 42.7, 1, 8
"22/04/2026, 11:25", 0, 724, 730, 43.8, 1, 8
"22/04/2026, 11:30", 0, 784, 792, 43.6, 1, 8
"22/04/2026, 11:35", 0, 766, 774, 43.1, 1, 8
"22/04/2026, 11:40", 0, 675, 682, 42.4, 1, 8
"22/04/2026, 11:45", 0, 707, 716, 43.8, 1, 8
"22/04/2026, 11:50", 0, 690, 699, 43.4, 1, 8
"22/04/2026, 11:55", 0, 749, 756, 43.8, 1, 8
"22/04/2026, 12:00", 0, 825, 835, 43.8, 1, 8
"22/04/2026, 12:05", 0, 738, 747, 42.6, 1, 8
"22/04/2026, 12:10", 0, 848, 854, 42.4, 1, 8
"22/04/2026, 12:15", 0, 786, 796, 43.1, 1, 8
"22/04/2026, 12:20", 0, 757, 767, 43.3, 1, 8
"22/04/2026, 12:25", 0, 818, 827, 43.1, 1, 8
"22/04/2026, 12:30", 0, 770, 777, 43.5, 1, 8
"22/04/2026, 12:35", 0, 815, 824, 43.0, 1, 8
"22/04/2026, 12:40", 0, 841, 849, 42.9, 1, 8
"22/04/2026, 12:45", 0, 813, 820, 42.8, 1, 8
"22/04/2026, 12:50", 0, 785, 796, 42.9, 1, 8
"22/04/2026, 12:55", 0, 781, 791, 43.0, 1, 8
"22/04/2026, 13:00", 0, 812, 818, 42.7, 1, 8
"22/04/2026, 13:05", 0, 743, 752, 43.2, 1, 8
"22/04/2026, 13:10", 0, 849, 857, 42.5, 1, 8
"22/04/2026, 13:15", 0, 817, 825, 42.4, 1, 8
"22/04/2026, 13:20", 0, 740, 745, 42.5, 1, 8
"22/04/2026, 13:25", 0, 845, 851, 42.9, 1, 8
"22/04/2026, 13:30", 0, 738, 746, 42.5, 1, 8
"22/04/2026, 13:35", 0, 784, 794, 42.7, 1, 8
"22/04/2026, 13:40", 0, 752, 759, 42.8, 1, 8
"22/04/2026, 13:45", 0, 807, 813, 42.8, 1, 8
"22/04/2026, 13:50", 0, 777, 787, 43.4, 1, 8
"22/04/2026, 13:55", 0, 744, 751, 43.6, 1, 8
"22/04/2026, 14:00", 0, 700, 710, 43.1, 1, 8
"22/04/2026, 14:05", 0, 693, 700, 43.7, 1, 8
"22/04/2026, 14:10", 0, 739, 749, 42.3, 1, 8
"22/04/2026, 14:15", 0, 712, 721, 42.6, 1, 8
"22/04/2026, 14:20", 0, 745, 753, 43.3, 1, 8
"22/04/2026, 14:25", 0, 703, 708, 42.4, 1, 8
"22/04/2026, 14:30", 0, 758, 767, 42.3, 1, 8
"22/04/2026, 14:35", 0, 714, 724, 43.1, 1, 8
"22/04/2026, 14:40", 0, 751, 760, 43.8, 1, 8
"22/04/2026, 14:45", 0, 692, 697, 43.5, 1, 8
"22/04/2026, 14:50", 0, 687, 697, 42.2, 1, 8
"22/04/2026, 14:55", 0, 775, 784, 42.9, 1, 8
"22/04/2026, 15:00", 0, 609, 614, 42.4, 1, 8
"22/04/2026, 15:05", 0, 570, 576, 42.4, 1, 8
"22/04/2026, 15:10", 0, 560, 570, 43.0, 1, 8
"22/04/2026, 15:15", 0, 580, 589, 43.6, 1, 8
"22/04/2026, 15:20", 0, 610, 619, 43.4, 1, 8
"22/04/2026, 15:25", 0, 614, 623, 43.1, 1, 8
"22/04/2026, 15:30", 0, 631, 641, 43.4, 1, 8
"22/04/2026, 15:35", 0, 576, 587, 43.4, 1, 8
"22/04/2026, 15:40", 0, 663, 671, 43.1, 1, 8
"22/04/2026, 15:45", 0, 557, 563, 43.7, 1, 8
"22/04/2026, 15:50", 0, 575, 584, 42.9, 1, 8
"22/04/2026, 15:55", 0, 576, 587, 42.5, 1, 8
"22/04/2026, 16:00", 0, 429, 436, 42.9, 1, 8
"22/04/2026, 16:05", 0, 478, 485, 42.6, 1, 8
"22/04/2026, 16:10", 0, 492, 499, 43.5, 1, 8
"22/04/2026, 16:15", 0, 491, 496, 42.7, 1, 8
"22/04/2026, 16:20", 0, 412, 417, 43.7, 1, 8
"22/04/2026, 16:25", 0, 443, 452, 42.8, 1, 8
"22/04/2026, 16:30", 0, 384, 394, 42.7, 1, 8
"22/04/2026, 16:35", 0, 395, 404, 42.2, 1, 8
"22/04/2026, 16:40", 0, 451, 462, 43.0, 1, 8
"22/04/2026, 16:45", 0, 490, 499, 42.4, 1, 8
"22/04/2026, 16:50", 0, 448, 458, 42.9, 1, 8
"22/04/2026, 16:55", 0, 465, 475, 43.2, 1, 8
"22/04/2026, 17:00", 0, 265, 272, 41.0, 1, 8
"22/04/2026, 17:05", 0, 178, 184, 40.3, 1, 8
"22/04/2026, 17:10", 0, 243, 252, 41.3, 1, 8
"22/04/2026, 17:15", 0, 226, 235, 41.6, 1, 8
"22/04/2026, 17:20", 0, 173, 181, 41.7, 1, 8
"22/04/2026, 17:25", 0, 189, 199, 40.8, 1, 8
"22/04/2026, 17:30", 0, 227, 234, 41.2, 1, 8
"22/04/2026, 17:35", 0, 222, 232, 41.3, 1, 8
"22/04/2026, 17:40", 0, 279, 288, 41.1, 1, 8
"22/04/2026, 17:45", 0, 215, 223, 41.0, 1, 8
"22/04/2026, 17:50", 0, 279, 289, 41.6, 1, 8
"22/04/2026, 17:55", 0, 203, 211, 40.9, 1, 8
"22/04/2026, 18:00", 0, 0, 11, 40.3, 1, 8
"22/04/2026, 18:05", 0, 30, 40, 41.0, 1, 8
"22/04/2026, 18:10", 0, 0, 9, 40.9, 1, 8
"22/04/2026, 18:15", 0, 0, 8, 40.5, 1, 8
"22/04/2026, 18:20", 0, 17, 23, 41.4, 1, 8
"22/04/2026, 18:25", 0, 11, 21, 41.8, 1, 8
"22/04/2026, 18:30", 0, 0, 5, 40.4, 1, 8
"22/04/2026, 18:35", 0, 25, 31, 41.8, 1, 8
"22/04/2026, 18:40", 0, 0, 5, 41.6, 1, 8
"22/04/2026, 18:45", 0, 16, 26, 41.3, 1, 8
"22/04/2026, 18:50", 0, 0, 7, 40.5, 1, 8
"22/04/2026, 18:55", 0, 0, 5, 40.9, 1, 8
"22/04/2026, 19:00", 0, 47, 54, 41.2, 1, 8
"22/04/2026, 19:05", 0, 43, 50, 40.7, 1, 8
"22/04/2026, 19:10", 0, 0, 7, 40.6, 1, 8
"22/04/2026, 19:15", 0, 58, 66, 40.5, 1, 8
"22/04/2026, 19:20", 0, 2, 7, 40.6, 1, 8
"22/04/2026, 19:25", 0, 15, 23, 40.4, 1, 8
"22/04/2026, 19:30", 0, 0, 10, 41.4, 1, 8
"22/04/2026, 19:35", 0, 55, 61, 40.6, 1, 8
"22/04/2026, 19:40", 0, 6, 16, 40.6, 1, 8
"22/04/2026, 19:45", 0, 8, 14, 40.6, 1, 8
"22/04/2026, 19:50", 0, 0, 11, 41.3, 1, 8
"22/04/2026, 19:55", 0, 11, 22, 41.7, 1, 8
"22/04/2026, 20:00", 0, 37, 47, 41.2, 1, 8
"22/04/2026, 20:05", 0, 24, 33, 41.5, 1, 8
"22/04/2026, 20:10", 0, 0, 8, 40.4, 1, 8
"22/04/2026, 20:15", 0, 0, 7, 40.9, 1, 8
"22/04/2026, 20:20", 0, 0, 8, 41.4, 1, 8
"22/04/2026, 20:25", 0, 0, 7, 41.5, 1, 8
"22/04/2026, 20:30", 0, 0, 6, 41.3, 1, 8
"22/04/2026, 20:35", 0, 0, 6, 40.4, 1, 8
"22/04/2026, 20:40", 0, 27, 36, 41.8, 1, 8
"22/04/2026, 20:45", 0, 0, 6, 41.3, 1, 8
"22/04/2026, 20:50", 0, 13, 20, 40.5, 1, 8
"22/04/2026, 20:55", 0, 44, 53, 41.4, 1, 8
"22/04/2026, 21:00", 0, 41, 47, 40.7, 1, 8
"22/04/2026, 21:05", 0, 0, 5, 41.3, 1, 8
"22/04/2026, 21:10", 0, 0, 6, 40.2, 1, 8
"22/04/2026, 21:15", 0, 25, 33, 41.5, 1, 8
"22/04/2026, 21:20", 0, 32, 38, 40.5, 1, 8
"22/04/2026, 21:25", 0, 0, 10, 40.2, 1, 8
"22/04/2026, 21:30", 0, 0, 8, 40.6, 1, 8
"22/04/2026, 21:35", 0, 0, 9, 41.4, 1, 8
"22/04/2026, 21:40", 0, 0, 7, 41.7, 1, 8
"22/04/2026, 21:45", 0, 6, 12, 40.6, 1, 8
"22/04/2026, 21:50", 0, 0, 7, 41.7, 1, 8
"22/04/2026, 21:55", 0, 23, 30, 40.9, 1, 8
"22/04/2026, 22:00", 0, 39, 46, 41.0, 1, 8
"22/04/2026, 22:05", 0, 18, 24, 40.7, 1, 8
"22/04/2026, 22:10", 0, 0, 9, 41.7, 1, 8
"22/04/2026, 22:15", 0, 4, 13, 41.1, 1, 8
"22/04/2026, 22:20", 0, 0, 8, 41.4, 1, 8
"22/04/2026, 22:25", 0, 0, 6, 40.7, 1, 8
"22/04/2026, 22:30", 0, 0, 9, 41.0, 1, 8
"22/04/2026, 22:35", 0, 0, 6, 41.5, 1, 8
"22/04/2026, 22:40", 0, 0, 9, 40.3, 1, 8
"22/04/2026, 22:45", 0, 10, 18, 40.9, 1, 8
"22/04/2026, 22:50", 0, 0, 9, 40.4, 1, 8
"22/04/2026, 22:55", 0, 43, 50, 41.8, 1, 8
"22/04/2026, 23:00", 0, 0, 6, 41.1, 1, 8
"22/04/2026, 23:05", 0, 0, 6, 40.2, 1, 8
"22/04/2026, 23:10", 0, 59, 67, 40.6, 1, 8
"22/04/2026, 23:15", 0, 51, 61, 41.3, 1, 8
"22/04/2026, 23:20", 0, 2, 10, 40.4, 1, 8
"22/04/2026, 23:25", 0, 0, 8, 40.6, 1, 8
"22/04/2026, 23:30", 0, 17, 24, 40.6, 1, 8
"22/04/2026, 23:35", 0, 42, 50, 40.3, 1, 8
"22/04/2026, 23:40", 0, 0, 6, 40.5, 1, 8
"22/04/2026, 23:45", 0, 42, 48, 41.1, 1, 8
"22/04/2026, 23:50", 0, 23, 33, 41.6, 1, 8
"22/04/2026, 23:55", 0, 0, 7, 41.6, 1, 8
"23/04/2026, 00:00", 0, 41, 46, 40.6, 1, 8
"23/04/2026, 00:05", 0, 0, 10, 41.0, 1, 8
"23/04/2026, 00:10", 0, 29, 36, 40.3, 1, 8
"23/04/2026, 00:15", 0, 42, 48, 41.0, 1, 8
"23/04/2026, 00:20", 0, 0, 8, 40.9, 1, 8
"23/04/2026, 00:25", 0, 17, 27, 40.4, 1, 8
"23/04/2026, 00:30", 0, 1, 8, 41.7, 1, 8
"23/04/2026, 00:35", 0, 0, 8, 40.3, 1, 8
"23/04/2026, 00:40", 0, 0, 8, 40.7, 1, 8
"23/04/2026, 00:45", 0, 0, 8, 41.1, 1, 8
"23/04/2026, 00:50", 0, 0, 8, 41.7, 1, 8
"23/04/2026, 00:55", 0, 0, 9, 40.7, 1, 8
"23/04/2026, 01:00", 0, 0, 6, 40.4, 1, 8
"23/04/2026, 01:05", 0, 45, 52, 40.8, 1, 8
"23/04/2026, 01:10", 0, 13, 22, 40.6, 1, 8
"23/04/2026, 01:15", 0, 0, 7, 41.6, 1, 8
"23/04/2026, 01:20", 0, 0, 9, 41.1, 1, 8
"23/04/2026, 01:25", 0, 15, 21, 41.3, 1, 8
"23/04/2026, 01:30", 0, 32, 38, 41.5, 1, 8
"23/04/2026, 01:35", 0, 47, 53, 41.7, 1, 8
"23/04/2026, 01:40", 0, 6, 15, 41.1, 1, 8
"23/04/2026, 01:45", 0, 24, 30, 40.6, 1, 8
"23/04/2026, 01:50", 0, 0, 11, 40.6, 1, 8
"23/04/2026, 01:55", 0, 0, 10, 40.3, 1, 8
"23/04/2026, 02:00", 0, 51, 60, 41.7, 1, 8
"23/04/2026, 02:05", 0, 48, 56, 40.5, 1, 8
"23/04/2026, 02:10", 0, 50, 60, 40.6, 1, 8
"23/04/2026, 02:15", 0, 0, 6, 40.3, 1, 8
"23/04/2026, 02:20", 0, 0, 8, 40.6, 1, 8
"23/04/2026, 02:25", 0, 0, 8, 40.5, 1, 8
"23/04/2026, 02:30", 0, 41, 50, 41.1, 1, 8
"23/04/2026, 02:35", 0, 28, 38, 41.4, 1, 8
"23/04/2026, 02:40", 0, 0, 7, 40.2, 1, 8
"23/04/2026, 02:45", 0, 40, 49, 41.5, 1, 8
"23/04/2026, 02:50", 0, 47, 56, 40.7, 1, 8
"23/04/2026, 02:55", 0, 0, 8, 40.4, 1, 8
"23/04/2026, 03:00", 0, 0, 8, 40.3, 1, 8
"23/04/2026, 03:05", 0, 12, 17, 41.5, 1, 8
"23/04/2026, 03:10", 0, 47, 54, 41.5, 1, 8
"23/04/2026, 03:15", 0, 12, 23, 40.3, 1, 8
"23/04/2026, 03:20", 0, 0, 8, 41.0, 1, 8
"23/04/2026, 03:25", 0, 0, 8, 40.3, 1, 8
"23/04/2026, 03:30", 0, 0, 7, 41.6, 1, 8
"23/04/2026, 03:35", 0, 1, 7, 41.4, 1, 8
"23/04/2026, 03:40", 0, 0, 10, 41.0, 1, 8
"23/04/2026, 03:45", 0, 28, 37, 41.3, 1, 8
"23/04/2026, 03:50", 0, 56, 66, 40.6, 1, 8
"23/04/2026, 03:55", 0, 25, 36, 40.5, 1, 8
"23/04/2026, 04:00", 0, 0, 7, 40.5, 1, 8
"23/04/2026, 04:05", 0, 32, 39, 41.0, 1, 8
"23/04/2026, 04:10", 0, 0, 7, 41.6, 1, 8
"23/04/2026, 04:15", 0, 0, 10, 41.2, 1, 8
"23/04/2026, 04:20", 0, 11, 18, 41.5, 1, 8
"23/04/2026, 04:25", 0, 1, 9, 40.3, 1, 8
"23/04/2026, 04:30", 0, 0, 7, 40.5, 1, 8
"23/04/2026, 04:35", 0, 41, 47, 41.6, 1, 8
"23/04/2026, 04:40", 0, 40, 47, 40.5, 1, 8
"23/04/2026, 04:45", 0, 37, 43, 40.7, 1, 8
"23/04/2026, 04:50", 0, 0, 7, 41.5, 1, 8
"23/04/2026, 04:55", 0, 0, 7, 40.5, 1, 8
"23/04/2026, 05:00", 0, 55, 60, 40.9, 1, 8
"23/04/2026, 05:05", 0, 0, 6, 40.4, 1, 8
"23/04/2026, 05:10", 0, 21, 29, 40.3, 1, 8
"23/04/2026, 05:15", 0, 20, 30, 41.7, 1, 8
"23/04/2026, 05:20", 0, 0, 6, 40.6, 1, 8
"23/04/2026, 05:25", 0, 31, 41, 41.2, 1, 8
"23/04/2026, 05:30", 0, 0, 7, 41.7, 1, 8
"23/04/2026, 05:35", 0, 0, 6, 41.4, 1, 8
"23/04/2026, 05:40", 0, 0, 9, 41.1, 1, 8
"23/04/2026, 05:45", 0, 57, 66, 40.7, 1, 8
"23/04/2026, 05:50", 0, 0, 5, 40.6, 1, 8
"23/04/2026, 05:55", 0, 0, 10, 41.4, 1, 8
"23/04/2026, 06:00", 0, 0, 11, 41.6, 1, 8
"23/04/2026, 06:05", 0, 49, 57, 40.9, 1, 8
"23/04/2026, 06:10", 0, 25, 34, 41.4, 1, 8
"23/04/2026, 06:15", 0, 0, 11, 40.5, 1, 8
"23/04/2026, 06:20", 0, 57, 66, 40.8, 1, 8
"23/04/2026, 06:25", 0, 0, 8, 40.3, 1, 8
"23/04/2026, 06:30", 0, 0, 5, 41.3, 1, 8
"23/04/2026, 06:35", 0, 45, 55, 40.6, 1, 8
"23/04/2026, 06:40", 0, 24, 31, 40.3, 1, 8
"23/04/2026, 06:45", 0, 0, 10, 41.1, 1, 8
"23/04/2026, 06:50", 0, 25, 31, 41.6, 1, 8
"23/04/2026, 06:55", 0, 0, 10, 41.0, 1, 8
"23/04/2026, 07:00", 0, 37, 44, 40.9, 1, 8
"23/04/2026, 07:05", 0, 55, 66, 40.4, 1, 8
"23/04/2026, 07:10", 0, 39, 45, 40.5, 1, 8
"23/04/2026, 07:15", 0, 9, 15, 41.3, 1, 8
"23/04/2026, 07:20", 0, 47, 53, 41.5, 1, 8
"23/04/2026, 07:25", 0, 0, 8, 40.6, 1, 8
"23/04/2026, 07:30", 0, 58, 64, 41.6, 1, 8
"23/04/2026, 07:35", 0, 47, 52, 40.6, 1, 8
"23/04/2026, 07:40", 0, 50, 59, 41.0, 1, 8
"23/04/2026, 07:45", 0, 0, 6, 40.9, 1, 8
"23/04/2026, 07:50", 0, 21, 31, 41.8, 1, 8
"23/04/2026, 07:55", 0, 55, 60, 41.0, 1, 8
"23/04/2026, 08:00", 0, 238, 247, 40.5, 1, 8
"23/04/2026, 08:05", 0, 193, 199, 41.0, 1, 8
"23/04/2026, 08:10", 0, 261, 270, 40.9, 1, 8
"23/04/2026, 08:15", 0, 228, 239, 41.1, 1, 8
"23/04/2026, 08:20", 0, 216, 222, 40.9, 1, 8
"23/04/2026, 08:25", 0, 240, 246, 40.2, 1, 8
"23/04/2026, 08:30", 0, 196, 204, 41.8, 1, 8
"23/04/2026, 08:35", 0, 253, 258, 41.5, 1, 8
"23/04/2026, 08:40", 0, 174, 183, 40.9, 1, 8
"23/04/2026, 08:45", 0, 166, 174, 40.8, 1, 8
"23/04/2026, 08:50", 0, 201, 210, 40.3, 1, 8
"23/04/2026, 08:55", 0, 236, 245, 40.8, 1, 8
"23/04/2026, 09:00", 0, 401, 410, 41.2, 1, 8
"23/04/2026, 09:05", 0, 459, 465, 41.1, 1, 8
"23/04/2026, 09:10", 0, 453, 459, 41.5, 1, 8
"23/04/2026, 09:15", 0, 428, 433, 41.7, 1, 8
"23/04/2026, 09:20", 0, 448, 453, 41.4, 1, 8
"23/04/2026, 09:25", 0, 410, 419, 41.6, 1, 8
"23/04/2026, 09:30", 0, 487, 497, 41.1, 1, 8
"23/04/2026, 09:35", 0, 423, 430, 41.0, 1, 8
"23/04/2026, 09:40", 0, 465, 475, 40.9, 1, 8
"23/04/2026, 09:45", 0, 404, 414, 41.5, 1, 8
"23/04/2026, 09:50", 0, 440, 450, 41.6, 1, 8
"23/04/2026, 09:55", 0, 470, 475, 41.7, 1, 8
"23/04/2026, 10:00", 0, 607, 613, 43.5, 1, 8
"23/04/2026, 10:05", 0, 637, 646, 42.2, 1, 8
"23/04/2026, 10:10", 0, 559, 569, 43.7, 1, 8
"23/04/2026, 10:15", 0, 633, 644, 42.4, 1, 8
"23/04/2026, 10:20", 0, 624, 634, 43.3, 1, 8
"23/04/2026, 10:25", 0, 580, 590, 43.4, 1, 8
"23/04/2026, 10:30", 0, 593, 599, 43.1, 1, 8
"23/04/2026, 10:35", 0, 630, 637, 42.3, 1, 8
"23/04/2026, 10:40", 0, 640, 646, 43.6, 1, 8
"23/04/2026, 10:45", 0, 631, 638, 43.0, 1, 8
"23/04/2026, 10:50", 0, 648, 655, 43.5, 1, 8
"23/04/2026, 10:55", 0, 655, 664, 43.5, 1, 8
"23/04/2026, 11:00", 0, 752, 760, 43.2, 1, 8
"23/04/2026, 11:05", 0, 699, 705, 43.7, 1, 8
"23/04/2026, 11:10", 0, 741, 752, 43.1, 1, 8
"23/04/2026, 11:15", 0, 765, 775, 43.1, 1, 8
"23/04/2026, 11:20", 0, 778, 785, 43.6, 1, 8
"23/04/2026, 11:25", 0, 723, 729, 43.4, 1, 8
"23/04/2026, 11:30", 0, 709, 715, 42.8, 1, 8
"23/04/2026, 11:35", 0, 728, 733, 42.5, 1, 8
"23/04/2026, 11:40", 0, 683, 692, 42.4, 1, 8
"23/04/2026, 11:45", 0, 763, 772, 42.5, 1, 8
"23/04/2026, 11:50", 0, 704, 710, 42.3, 1, 8
"23/04/2026, 11:55", 0, 764, 772, 43.1, 1, 8
"23/04/2026, 12:00", 0, 841, 848, 42.8, 1, 8
"23/04/2026, 12:05", 0, 752, 762, 43.8, 1, 8
"23/04/2026, 12:10", 0, 752, 760, 42.3, 1, 8
"23/04/2026, 12:15", 0, 734, 745, 43.6, 1, 8
"23/04/2026, 12:20", 0, 801, 808, 43.7, 1, 8
"23/04/2026, 12:25", 0, 801, 808, 42.4, 1, 8
"23/04/2026, 12:30", 0, 826, 837, 43.6, 1, 8
"23/04/2026, 12:35", 0, 761, 771, 42.4, 1, 8
"23/04/2026, 12:40", 0, 793, 800, 42.9, 1, 8
"23/04/2026, 12:45", 0, 786, 791, 43.2, 1, 8
"23/04/2026, 12:50", 0, 810, 816, 42.8, 1, 8
"23/04/2026, 12:55", 0, 792, 799, 43.4, 1, 8
"23/04/2026, 13:00", 0, 809, 820, 42.9, 1, 8
"23/04/2026, 13:05", 0, 768, 777, 43.7, 1, 8
"23/04/2026, 13:10", 0, 820, 825, 43.1, 1, 8
"23/04/2026, 13:15", 0, 736, 745, 42.9, 1, 8
"23/04/2026, 13:20", 0, 787, 793, 42.6, 1, 8
"23/04/2026, 13:25", 0, 790, 800, 42.9, 1, 8
"23/04/2026, 13:30", 0, 813, 819, 42.9, 1, 8
"23/04/2026, 13:35", 0, 791, 801, 42.7, 1, 8
"23/04/2026, 13:40", 0, 746, 753, 42.3, 1, 8
"23/04/2026, 13:45", 0, 746, 755, 43.5, 1, 8
"23/04/2026, 13:50", 0, 752, 762, 42.9, 1, 8
"23/04/2026, 13:55", 0, 773, 781, 43.3, 1, 8
"23/04/2026, 14:00", 0, 755, 760, 43.6, 1, 8
"23/04/2026, 14:05", 0, 672, 680, 43.7, 1, 8
"23/04/2026, 14:10", 0, 772, 782, 43.1, 1, 8
"23/04/2026, 14:15", 0, 753, 758, 42.7, 1, 8
"23/04/2026, 14:20", 0, 700, 706, 42.8, 1, 8
"23/04/2026, 14:25", 0, 729, 736, 43.6, 1, 8
"23/04/2026, 14:30", 0, 751, 760, 43.7, 1, 8
"23/04/2026, 14:35", 0, 785, 794, 43.6, 1, 8
"23/04/2026, 14:40", 0, 683, 692, 42.6, 1, 8
"23/04/2026, 14:45", 0, 668, 675, 43.7, 1, 8
"23/04/2026, 14:50", 0, 701, 711, 42.3, 1, 8
"23/04/2026, 14:55", 0, 732, 740, 43.2, 1, 8
"23/04/2026, 15:00", 0, 583, 592, 42.7, 1, 8
"23/04/2026, 15:05", 0, 635, 643, 43.6, 1, 8
"23/04/2026, 15:10", 0, 605, 613, 42.8, 1, 8
"23/04/2026, 15:15", 0, 593, 603, 43.6, 1, 8
"23/04/2026, 15:20", 0, 606, 616, 42.7, 1, 8
"23/04/2026, 15:25", 0, 549, 559, 42.6, 1, 8
"23/04/2026, 15:30", 0, 622, 627, 43.2, 1, 8
"23/04/2026, 15:35", 0, 647, 658, 43.2, 1, 8
"23/04/2026, 15:40", 0, 579, 584, 43.7, 1, 8
"23/04/2026, 15:45", 0, 633, 638, 42.2, 1, 8
"23/04/2026, 15:50", 0, 608, 618, 43.2, 1, 8
"23/04/2026, 15:55", 0, 625, 634, 43.4, 1, 8
"23/04/2026, 16:00", 0, 448, 459, 43.2, 1, 8
"23/04/2026, 16:05", 0, 483, 492, 43.3, 1, 8
"23/04/2026, 16:10", 0, 489, 495, 43.8, 1, 8
"23/04/2026, 16:15", 0, 401, 407, 42.5, 1, 8
"23/04/2026, 16:20", 0, 385, 394, 43.8, 1, 8
"23/04/2026, 16:25", 0, 487, 498, 43.2, 1, 8
"23/04/2026, 16:30", 0, 475, 482, 43.0, 1, 8
"23/04/2026, 16:35", 0, 458, 467, 43.7, 1, 8
"23/04/2026, 16:40", 0, 471, 476, 43.0, 1, 8
"23/04/2026, 16:45", 0, 484, 491, 43.3, 1, 8
"23/04/2026, 16:50", 0, 406, 411, 42.4, 1, 8
"23/04/2026, 16:55", 0, 389, 396, 42.8, 1, 8
"23/04/2026, 17:00", 0, 170, 178, 40.8, 1, 8
"23/04/2026, 17:05", 0, 217, 227, 41.7, 1, 8
"23/04/2026, 17:10", 0, 174, 182, 40.9, 1, 8
"23/04/2026, 17:15", 0, 199, 208, 40.8, 1, 8
"23/04/2026, 17:20", 0, 217, 223, 40.3, 1, 8
"23/04/2026, 17:25", 0, 203, 210, 41.3, 1, 8
"23/04/2026, 17:30", 0, 182, 192, 41.3, 1, 8
"23/04/2026, 17:35", 0, 273, 284, 41.6, 1, 8
"23/04/2026, 17:40", 0, 168, 176, 40.7, 1, 8
"23/04/2026, 17:45", 0, 178, 184, 40.5, 1, 8
"23/04/2026, 17:50", 0, 282, 289, 40.5, 1, 8
"23/04/2026, 17:55", 0, 243, 253, 41.7, 1, 8
"23/04/2026, 18:00", 0, 0, 9, 40.5, 1, 8
"23/04/2026, 18:05", 0, 0, 11, 40.9, 1, 8
"23/04/2026, 18:10", 0, 0, 9, 40.7, 1, 8
"23/04/2026, 18:15", 0, 41, 47, 41.4, 1, 8
"23/04/2026, 18:20", 0, 0, 10, 41.1, 1, 8
"23/04/2026, 18:25", 0, 0, 6, 40.3, 1, 8
"23/04/2026, 18:30", 0, 2, 13, 40.3, 1, 8
"23/04/2026, 18:35", 0, 18, 25, 40.7, 1, 8
"23/04/2026, 18:40", 0, 0, 5, 41.5, 1, 8
"23/04/2026, 18:45", 0, 0, 7, 41.2, 1, 8
"23/04/2026, 18:50", 0, 0, 10, 41.2, 1, 8
"23/04/2026, 18:55", 0, 0, 11, 40.9, 1, 8
"23/04/2026, 19:00", 0, 52, 58, 40.8, 1, 8
"23/04/2026, 19:05", 0, 0, 6, 40.7, 1, 8
"23/04/2026, 19:10", 0, 0, 8, 41.0, 1, 8
"23/04/2026, 19:15", 0, 0, 6, 41.3, 1, 8
"23/04/2026, 19:20", 0, 0, 8, 40.5, 1, 8
"23/04/2026, 19:25", 0, 0, 10, 41.7, 1, 8
"23/04/2026, 19:30", 0, 0, 7, 41.0, 1, 8
"23/04/2026, 19:35", 0, 0, 7, 41.6, 1, 8
"23/04/2026, 19:40", 0, 0, 10, 41.6, 1, 8
"23/04/2026, 19:45", 0, 32, 42, 40.6, 1, 8
"23/04/2026, 19:50", 0, 0, 10, 41.7, 1, 8
"23/04/2026, 19:55", 0, 32, 37, 40.3, 1, 8
"23/04/2026, 20:00", 0, 0, 9, 41.4, 1, 8
"23/04/2026, 20:05", 0, 0, 5, 40.4, 1, 8
"23/04/2026, 20:10", 0, 58, 69, 40.9, 1, 8
"23/04/2026, 20:15", 0, 21, 28, 41.4, 1, 8
"23/04/2026, 20:20", 0, 0, 6, 41.5, 1, 8
"23/04/2026, 20:25", 0, 23, 28, 41.4, 1, 8
"23/04/2026, 20:30", 0, 0, 9, 40.4, 1, 8
"23/04/2026, 20:35", 0, 22, 30, 40.5, 1, 8
"23/04/2026, 20:40", 0, 0, 7, 41.7, 1, 8
"23/04/2026, 20:45", 0, 1, 9, 40.9, 1, 8
"23/04/2026, 20:50", 0, 0, 7, 40.8, 1, 8
"23/04/2026, 20:55", 0, 6, 15, 41.4, 1, 8
"23/04/2026, 21:00", 0, 0, 7, 40.8, 1, 8
"23/04/2026, 21:05", 0, 0, 10, 41.0, 1, 8
"23/04/2026, 21:10", 0, 56, 63, 41.2, 1, 8
"23/04/2026, 21:15", 0, 17, 27, 40.5, 1, 8
"23/04/2026, 21:20", 0, 0, 9, 40.9, 1, 8
"23/04/2026, 21:25", 0, 0, 8, 41.0, 1, 8
"23/04/2026, 21:30", 0, 22, 27, 40.5, 1, 8
"23/04/2026, 21:35", 0, 0, 9, 40.6, 1, 8
"23/04/2026, 21:40", 0, 17, 25, 41.6, 1, 8
"23/04/2026, 21:45", 0, 7, 12, 41.8, 1, 8
"23/04/2026, 21:50", 0, 7, 13, 41.8, 1, 8
"23/04/2026, 21:55", 0, 9, 17, 41.8, 1, 8
"23/04/2026, 22:00", 0, 0, 11, 41.0, 1, 8
"23/04/2026, 22:05", 0, 25, 30, 40.5, 1, 8
"23/04/2026, 22:10", 0, 0, 6, 40.3, 1, 8
"23/04/2026, 22:15", 0, 0, 6, 40.2, 1, 8
"23/04/2026, 22:20", 0, 0, 9, 40.7, 1, 8
"23/04/2026, 22:25", 0, 16, 26, 41.4, 1, 8
"23/04/2026, 22:30", 0, 11, 22, 40.2, 1, 8
"23/04/2026, 22:35", 0, 0, 10, 40.7, 1, 8
"23/04/2026, 22:40", 0, 0, 7, 41.6, 1, 8
"23/04/2026, 22:45", 0, 59, 69, 40.4, 1, 8
"23/04/2026, 22:50", 0, 21, 29, 40.5, 1, 8
"23/04/2026, 22:55", 0, 0, 8, 41.6, 1, 8
"23/04/2026, 23:00", 0, 0, 10, 40.4, 1, 8
"23/04/2026, 23:05", 0, 46, 55, 40.6, 1, 8
"23/04/2026, 23:10", 0, 0, 7, 40.4, 1, 8
"23/04/2026, 23:15", 0, 13, 19, 40.5, 1, 8
"23/04/2026, 23:20", 0, 0, 6, 40.4, 1, 8
"23/04/2026, 23:25", 0, 0, 5, 41.1, 1, 8
"23/04/2026, 23:30", 0, 0, 10, 41.3, 1, 8
"23/04/2026, 23:35", 0, 0, 6, 41.4, 1, 8
"23/04/2026, 23:40", 0, 0, 11, 41.3, 1, 8
"23/04/2026, 23:45", 0, 0, 10, 41.1, 1, 8
"23/04/2026, 23:50", 0, 0, 8, 40.6, 1, 8
"23/04/2026, 23:55", 0, 0, 6, 41.0, 1, 8
"24/04/2026, 00:00", 0, 0, 10, 40.6, 1, 8
"24/04/2026, 00:05", 0, 22, 28, 40.7, 1, 8
"24/04/2026, 00:10", 0, 0, 7, 41.0, 1, 8
"24/04/2026, 00:15", 0, 0, 11, 40.3, 1, 8
"24/04/2026, 00:20", 0, 11, 18, 41.0, 1, 8
"24/04/2026, 00:25", 0, 0, 5, 41.6, 1, 8
"24/04/2026, 00:30", 0, 0, 7, 40.9, 1, 8
"24/04/2026, 00:35", 0, 5, 16, 40.7, 1, 8
"24/04/2026, 00:40", 0, 0, 6, 40.7, 1, 8
"24/04/2026, 00:45", 0, 0, 7, 41.1, 1, 8
"24/04/2026, 00:50", 0, 0, 6, 40.6, 1, 8
"24/04/2026, 00:55", 0, 0, 10, 40.6, 1, 8
"24/04/2026, 01:00", 0, 24, 34, 40.2, 1, 8
"24/04/2026, 01:05", 0, 45, 53, 41.6, 1, 8
"24/04/2026, 01:10", 0, 0, 8, 40.3, 1, 8
"24/04/2026, 01:15", 0, 41, 49, 40.8, 1, 8
"24/04/2026, 01:20", 0, 32, 37, 40.4, 1, 8
"24/04/2026, 01:25", 0, 46, 57, 41.1, 1, 8
"24/04/2026, 01:30", 0, 0, 10, 40.5, 1, 8
"24/04/2026, 01:35", 0, 0, 6, 41.3, 1, 8
"24/04/2026, 01:40", 0, 59, 68, 41.3, 1, 8
"24/04/2026, 01:45", 0, 0, 10, 41.3, 1, 8
"24/04/2026, 01:50", 0, 35, 41, 40.8, 1, 8
"24/04/2026, 01:55", 0, 0, 8, 40.8, 1, 8
"24/04/2026, 02:00", 0, 7, 16, 40.3, 1, 8
"24/04/2026, 02:05", 0, 0, 7, 41.0, 1, 8
"24/04/2026, 02:10", 0, 55, 62, 41.7, 1, 8
"24/04/2026, 02:15", 0, 57, 63, 40.3, 1, 8
"24/04/2026, 02:20", 0, 21, 31, 40.6, 1, 8
"24/04/2026, 02:25", 0, 0, 10, 40.6, 1, 8
"24/04/2026, 02:30", 0, 53, 58, 41.0, 1, 8
"24/04/2026, 02:35", 0, 14, 20, 41.4, 1, 8
"24/04/2026, 02:40", 0, 38, 43, 41.6, 1, 8
"24/04/2026, 02:45", 0, 0, 7, 41.0, 1, 8
"24/04/2026, 02:50", 0, 34, 43, 41.6, 1, 8
"24/04/2026, 02:55", 0, 0, 6, 41.3, 1, 8
"24/04/2026, 03:00", 0, 0, 8, 40.5, 1, 8
"24/04/2026, 03:05", 0, 0, 8, 41.6, 1, 8
"24/04/2026, 03:10", 0, 4, 10, 41.0, 1, 8
"24/04/2026, 03:15", 0, 0, 8, 41.0, 1, 8
"24/04/2026, 03:20", 0, 0, 5, 41.3, 1, 8
"24/04/2026, 03:25", 0, 21, 28, 41.7, 1, 8
"24/04/2026, 03:30", 0, 0, 9, 41.7, 1, 8
"24/04/2026, 03:35", 0, 0, 9, 41.7, 1, 8
"24/04/2026, 03:40", 0, 0, 5, 41.4, 1, 8
"24/04/2026, 03:45", 0, 0, 11, 41.0, 1, 8
"24/04/2026, 03:50", 0, 0, 7, 41.7, 1, 8
"24/04/2026, 03:55", 0, 0, 9, 41.1, 1, 8
"24/04/2026, 04:00", 0, 17, 26, 40.5, 1, 8
"24/04/2026, 04:05", 0, 34, 42, 41.8, 1, 8
"24/04/2026, 04:10", 0, 0, 9, 41.6, 1, 8
"24/04/2026, 04:15", 0, 35, 41, 41.1, 1, 8
"24/04/2026, 04:20", 0, 54, 62, 40.3, 1, 8
"24/04/2026, 04:25", 0, 50, 58, 40.6, 1, 8
"24/04/2026, 04:30", 0, 0, 10, 41.1, 1, 8
"24/04/2026, 04:35", 0, 0, 10, 40.4, 1, 8
"24/04/2026, 04:40", 0, 0, 6, 40.2, 1, 8
"24/04/2026, 04:45", 0, 0, 10, 40.5, 1, 8
"24/04/2026, 04:50", 0, 0, 10, 41.4, 1, 8
"24/04/2026, 04:55", 0, 28, 38, 41.8, 1, 8
"24/04/2026, 05:00", 0, 33, 41, 41.8, 1, 8
"24/04/2026, 05:05", 0, 55, 62, 40.3, 1, 8
"24/04/2026, 05:10", 0, 7, 13, 40.5, 1, 8
"24/04/2026, 05:15", 0, 0, 9, 40.8, 1, 8
"24/04/2026, 05:20", 0, 0, 11, 40.9, 1, 8
"24/04/2026, 05:25", 0, 27, 34, 41.3, 1, 8
"24/04/2026, 05:30", 0, 0, 9, 41.2, 1, 8
"24/04/2026, 05:35", 0, 0, 6, 41.3, 1, 8
"24/04/2026, 05:40", 0, 0, 6, 41.4, 1, 8
"24/04/2026, 05:45", 0, 0, 9, 41.5, 1, 8
"24/04/2026, 05:50", 0, 0, 8, 41.4, 1, 8
"24/04/2026, 05:55", 0, 0, 10, 41.0, 1, 8
"24/04/2026, 06:00", 0, 0, 9, 40.8, 1, 8
"24/04/2026, 06:05", 0, 28, 38, 40.2, 1, 8
"24/04/2026, 06:10", 0, 0, 10, 41.6, 1, 8
"24/04/2026, 06:15", 0, 6, 14, 41.2, 1, 8
"24/04/2026, 06:20", 0, 22, 30, 40.8, 1, 8
"24/04/2026, 06:25", 0, 44, 49, 40.8, 1, 8
"24/04/2026, 06:30", 0, 0, 9, 41.1, 1, 8
"24/04/2026, 06:35", 0, 0, 10, 41.6, 1, 8
"24/04/2026, 06:40", 0, 29, 37, 41.5, 1, 8
"24/04/2026, 06:45", 0, 5, 11, 40.4, 1, 8
"24/04/2026, 06:50", 0, 0, 8, 40.4, 1, 8
"24/04/2026, 06:55", 0, 49, 54, 41.3, 1, 8
"24/04/2026, 07:00", 0, 33, 41, 41.5, 1, 8
"24/04/2026, 07:05", 0, 36, 46, 41.5, 1, 8
"24/04/2026, 07:10", 0, 40, 51, 40.5, 1, 8
"24/04/2026, 07:15", 0, 0, 5, 40.9, 1, 8
"24/04/2026, 07:20", 0, 14, 22, 41.1, 1, 8
"24/04/2026, 07:25", 0, 0, 9, 40.9, 1, 8
"24/04/2026, 07:30", 0, 55, 60, 41.1, 1, 8
"24/04/2026, 07:35", 0, 4, 13, 41.2, 1, 8
"24/04/2026, 07:40", 0, 9, 14, 40.4, 1, 8
"24/04/2026, 07:45", 0, 35, 43, 40.4, 1, 8
"24/04/2026, 07:50", 0, 0, 10, 41.1, 1, 8
"24/04/2026, 07:55", 0, 3, 10, 41.5, 1, 8
"24/04/2026, 08:00", 0, 266, 277, 41.4, 1, 8
"24/04/2026, 08:05", 0, 272, 279, 41.4, 1, 8
"24/04/2026, 08:10", 0, 197, 208, 40.2, 1, 8
"24/04/2026, 08:15", 0, 182, 190, 41.1, 1, 8
"24/04/2026, 08:20", 0, 206, 213, 41.4, 1, 8
"24/04/2026, 08:25", 0, 171, 180, 40.6, 1, 8
"24/04/2026, 08:30", 0, 196, 202, 40.7, 1, 8
"24/04/2026, 08:35", 0, 279, 290, 40.5, 1, 8
"24/04/2026, 08:40", 0, 265, 271, 40.5, 1, 8
"24/04/2026, 08:45", 0, 233, 239, 41.5, 1, 8
"24/04/2026, 08:50", 0, 188, 195, 40.6, 1, 8
"24/04/2026, 08:55", 0, 226, 232, 41.4, 1, 8
"24/04/2026, 09:00", 0, 482, 493, 41.0, 1, 8
"24/04/2026, 09:05", 0, 402, 411, 41.4, 1, 8
"24/04/2026, 09:10", 0, 428, 434, 40.7, 1, 8
"24/04/2026, 09:15", 0, 439, 446, 41.7, 1, 8
"24/04/2026, 09:20", 0, 430, 438, 41.0, 1, 8
"24/04/2026, 09:25", 0, 425, 430, 40.4, 1, 8
"24/04/2026, 09:30", 0, 413, 420, 41.3, 1, 8
"24/04/2026, 09:35", 0, 474, 482, 41.7, 1, 8
"24/04/2026, 09:40", 0, 438, 448, 40.9, 1, 8
"24/04/2026, 09:45", 0, 471, 478, 41.4, 1, 8
"24/04/2026, 09:50", 0, 464, 469, 40.5, 1, 8
"24/04/2026, 09:55", 0, 480, 486, 41.2, 1, 8
"24/04/2026, 10:00", 0, 571, 580, 42.4, 1, 8
"24/04/2026, 10:05", 0, 624, 630, 43.1, 1, 8
"24/04/2026, 10:10", 0, 568, 577, 43.5, 1, 8
"24/04/2026, 10:15", 0, 626, 637, 43.2, 1, 8
"24/04/2026, 10:20", 0, 626, 633, 43.1, 1, 8
"24/04/2026, 10:25", 0, 583, 592, 43.2, 1, 8
"24/04/2026, 10:30", 0, 621, 627, 43.4, 1, 8
"24/04/2026, 10:35", 0, 653, 661, 43.2, 1, 8
"24/04/2026, 10:40", 0, 638, 646, 42.4, 1, 8
"24/04/2026, 10:45", 0, 630, 635, 43.6, 1, 8
"24/04/2026, 10:50", 0, 546, 553, 43.6, 1, 8
"24/04/2026, 10:55", 0, 643, 653, 42.7, 1, 8
"24/04/2026, 11:00", 0, 724, 730, 43.7, 1, 8
"24/04/2026, 11:05", 0, 702, 712, 43.6, 1, 8
"24/04/2026, 11:10", 0, 681, 686, 43.0, 1, 8
"24/04/2026, 11:15", 0, 706, 712, 42.8, 1, 8
"24/04/2026, 11:20", 0, 684, 691, 43.4, 1, 8
"24/04/2026, 11:25", 0, 729, 735, 42.3, 1, 8
"24/04/2026, 11:30", 0, 785, 790, 42.6, 1, 8
"24/04/2026, 11:35", 0, 769, 778, 43.0, 1, 8
"24/04/2026, 11:40", 0, 764, 774, 42.9, 1, 8
"24/04/2026, 11:45", 0, 777, 784, 43.1, 1, 8
"24/04/2026, 11:50", 0, 682, 691, 42.4, 1, 8
"24/04/2026, 11:55", 0, 782, 788, 43.5, 1, 8
"24/04/2026, 12:00", 0, 737, 743, 43.8, 1, 8
"24/04/2026, 12:05", 0, 795, 802, 42.7, 1, 8
"24/04/2026, 12:10", 0, 829, 836, 42.8, 1, 8
"24/04/2026, 12:15", 0, 813, 821, 43.8, 1, 8
"24/04/2026, 12:20", 0, 815, 824, 42.5, 1, 8
"24/04/2026, 12:25", 0, 847, 858, 43.2, 1, 8
"24/04/2026, 12:30", 0, 786, 795, 43.5, 1, 8
"24/04/2026, 12:35", 0, 827, 834, 43.5, 1, 8
"24/04/2026, 12:40", 0, 785, 790, 43.3, 1, 8
"24/04/2026, 12:45", 0, 817, 823, 42.8, 1, 8
"24/04/2026, 12:50", 0, 753, 761, 43.0, 1, 8
"24/04/2026, 12:55", 0, 839, 848, 42.7, 1, 8
"24/04/2026, 13:00", 0, 825, 833, 42.7, 1, 8
"24/04/2026, 13:05", 0, 759, 766, 42.4, 1, 8
"24/04/2026, 13:10", 0, 808, 819, 43.8, 1, 8
"24/04/2026, 13:15", 0, 762, 773, 42.3, 1, 8
"24/04/2026, 13:20", 0, 765, 774, 42.6, 1, 8
"24/04/2026, 13:25", 0, 756, 767, 43.5, 1, 8
"24/04/2026, 13:30", 0, 803, 809, 42.4, 1, 8
"24/04/2026, 13:35", 0, 771, 777, 43.0, 1, 8
"24/04/2026, 13:40", 0, 778, 786, 43.7, 1, 8
"24/04/2026, 13:45", 0, 778, 783, 43.0, 1, 8
"24/04/2026, 13:50", 0, 773, 783, 42.2, 1, 8
"24/04/2026, 13:55", 0, 762, 772, 43.1, 1, 8
"24/04/2026, 14:00", 0, 755, 761, 43.5, 1, 8
"24/04/2026, 14:05", 0, 754, 764, 42.3, 1, 8
"24/04/2026, 14:10", 0, 750, 759, 42.5, 1, 8
"24/04/2026, 14:15", 0, 674, 685, 42.7, 1, 8
"24/04/2026, 14:20", 0, 712, 722, 42.5, 1, 8
"24/04/2026, 14:25", 0, 760, 767, 43.3, 1, 8
"24/04/2026, 14:30", 0, 715, 720, 42.7, 1, 8
"24/04/2026, 14:35", 0, 728, 739, 43.2, 1, 8
"24/04/2026, 14:40", 0, 734, 739, 42.4, 1, 8
"24/04/2026, 14:45", 0, 699, 706, 43.3, 1, 8
"24/04/2026, 14:50", 0, 732, 739, 42.4, 1, 8
"24/04/2026, 14:55", 0, 746, 753, 42.2, 1, 8
"24/04/2026, 15:00", 0, 590, 599, 42.8, 1, 8
"24/04/2026, 15:05", 0, 591, 598, 42.6, 1, 8
"24/04/2026, 15:10", 0, 590, 596, 43.6, 1, 8
"24/04/2026, 15:15", 0, 579, 587, 42.8, 1, 8
"24/04/2026, 15:20", 0, 550, 561, 42.4, 1, 8
"24/04/2026, 15:25", 0, 629, 636, 43.3, 1, 8
"24/04/2026, 15:30", 0, 612, 620, 43.8, 1, 8
"24/04/2026, 15:35", 0, 559, 570, 42.9, 1, 8
"24/04/2026, 15:40", 0, 622, 629, 43.0, 1, 8
"24/04/2026, 15:45", 0, 590, 596, 42.7, 1, 8
"24/04/2026, 15:50", 0, 592, 602, 42.9, 1, 8
"24/04/2026, 15:55", 0, 578, 584, 42.3, 1, 8
"24/04/2026, 16:00", 0, 410, 417, 43.5, 1, 8
"24/04/2026, 16:05", 0, 412, 417, 42.5, 1, 8
"24/04/2026, 16:10", 0, 479, 490, 42.6, 1, 8
"24/04/2026, 16:15", 0, 420, 429, 43.1, 1, 8
"24/04/2026, 16:20", 0, 436, 441, 43.3, 1, 8
"24/04/2026, 16:25", 0, 473, 481, 42.7, 1, 8
"24/04/2026, 16:30", 0, 454, 462, 42.7, 1, 8
"24/04/2026, 16:35", 0, 433, 440, 43.1, 1, 8
"24/04/2026, 16:40", 0, 378, 383, 43.6, 1, 8
"24/04/2026, 16:45", 0, 427, 437, 43.2, 1, 8
"24/04/2026, 16:50", 0, 470, 477, 43.6, 1, 8
"24/04/2026, 16:55", 0, 446, 456, 43.8, 1, 8
"24/04/2026, 17:00", 0, 282, 293, 40.7, 1, 8
"24/04/2026, 17:05", 0, 191, 200, 40.2, 1, 8
"24/04/2026, 17:10", 0, 217, 223, 41.2, 1, 8
"24/04/2026, 17:15", 0, 270, 278, 40.4, 1, 8
"24/04/2026, 17:20", 0, 254, 265, 41.0, 1, 8
"24/04/2026, 17:25", 0, 200, 210, 40.6, 1, 8
"24/04/2026, 17:30", 0, 197, 205, 41.2, 1, 8
"24/04/2026, 17:35", 0, 232, 237, 40.8, 1, 8
"24/04/2026, 17:40", 0, 166, 174, 40.7, 1, 8
"24/04/2026, 17:45", 0, 211, 217, 41.7, 1, 8
"24/04/2026, 17:50", 0, 195, 206, 41.4, 1, 8
"24/04/2026, 17:55", 0, 283, 293, 40.5, 1, 8
"24/04/2026, 18:00", 0, 0, 5, 40.7, 1, 8
"24/04/2026, 18:05", 0, 33, 39, 41.1, 1, 8
"24/04/2026, 18:10", 0, 0, 8, 40.7, 1, 8
"24/04/2026, 18:15", 0, 0, 6, 41.5, 1, 8
"24/04/2026, 18:20", 0, 0, 11, 40.9, 1, 8
"24/04/2026, 18:25", 0, 54, 64, 41.0, 1, 8
"24/04/2026, 18:30", 0, 1, 7, 40.8, 1, 8
"24/04/2026, 18:35", 0, 0, 6, 40.7, 1, 8
"24/04/2026, 18:40", 0, 0, 8, 41.0, 1, 8
"24/04/2026, 18:45", 0, 0, 8, 40.8, 1, 8
"24/04/2026, 18:50", 0, 44, 52, 40.3, 1, 8
"24/04/2026, 18:55", 0, 53, 62, 41.0, 1, 8
"24/04/2026, 19:00", 0, 0, 7, 40.5, 1, 8
"24/04/2026, 19:05", 0, 24, 30, 41.4, 1, 8
"24/04/2026, 19:10", 0, 46, 57, 40.3, 1, 8
"24/04/2026, 19:15", 0, 38, 46, 40.3, 1, 8
"24/04/2026, 19:20", 0, 51, 57, 40.6, 1, 8
"24/04/2026, 19:25", 0, 0, 10, 41.2, 1, 8
"24/04/2026, 19:30", 0, 49, 58, 41.2, 1, 8
"24/04/2026, 19:35", 0, 37, 45, 40.2, 1, 8
"24/04/2026, 19:40", 0, 0, 10, 41.0, 1, 8
"24/04/2026, 19:45", 0, 0, 5, 40.7, 1, 8
"24/04/2026, 19:50", 0, 19, 28, 40.9, 1, 8
"24/04/2026, 19:55", 0, 0, 8, 41.2, 1, 8
"24/04/2026, 20:00", 0, 22, 29, 41.3, 1, 8
"24/04/2026, 20:05", 0, 0, 7, 40.2, 1, 8
"24/04/2026, 20:10", 0, 6, 13, 40.6, 1, 8
"24/04/2026, 20:15", 0, 7, 13, 40.8, 1, 8
"24/04/2026, 20:20", 0, 0, 9, 41.6, 1, 8
"24/04/2026, 20:25", 0, 48, 55, 41.6, 1, 8
"24/04/2026, 20:30", 0, 12, 22, 40.9, 1, 8
"24/04/2026, 20:35", 0, 23, 30, 41.3, 1, 8
"24/04/2026, 20:40", 0, 0, 5, 40.3, 1, 8
"24/04/2026, 20:45", 0, 0, 10, 41.0, 1, 8
"24/04/2026, 20:50", 0, 17, 23, 40.7, 1, 8
"24/04/2026, 20:55", 0, 0, 6, 40.7, 1, 8
"24/04/2026, 21:00", 0, 48, 54, 41.0, 1, 8
"24/04/2026, 21:05", 0, 0, 9, 41.8, 1, 8
"24/04/2026, 21:10", 0, 0, 8, 40.9, 1, 8
"24/04/2026, 21:15", 0, 47, 53, 40.5, 1, 8
"24/04/2026, 21:20", 0, 13, 24, 41.7, 1, 8
"24/04/2026, 21:25", 0, 32, 42, 41.5, 1, 8
"24/04/2026, 21:30", 0, 20, 27, 41.1, 1, 8
"24/04/2026, 21:35", 0, 0, 5, 41.2, 1, 8
"24/04/2026, 21:40", 0, 0, 8, 40.5, 1, 8
"24/04/2026, 21:45", 0, 36, 43, 41.7, 1, 8
"24/04/2026, 21:50", 0, 6, 13, 41.5, 1, 8
"24/04/2026, 21:55", 0, 0, 11, 40.8, 1, 8
"24/04/2026, 22:00", 0, 42, 48, 41.3, 1, 8
"24/04/2026, 22:05", 0, 3, 10, 41.4, 1, 8
"24/04/2026, 22:10", 0, 56, 67, 41.2, 1, 8
"24/04/2026, 22:15", 0, 0, 10, 40.8, 1, 8
"24/04/2026, 22:20", 0, 25, 34, 41.1, 1, 8
"24/04/2026, 22:25", 0, 0, 8, 40.3, 1, 8
"24/04/2026, 22:30", 0, 0, 10, 40.8, 1, 8
"24/04/2026, 22:35", 0, 0, 5, 41.7, 1, 8
"24/04/2026, 22:40", 0, 51, 59, 40.8, 1, 8
"24/04/2026, 22:45", 0, 46, 54, 41.3, 1, 8
"24/04/2026, 22:50", 0, 0, 8, 40.5, 1, 8
"24/04/2026, 22:55", 0, 29, 36, 41.7, 1, 8
"24/04/2026, 23:00", 0, 0, 6, 41.4, 1, 8
"24/04/2026, 23:05", 0, 0, 9, 41.1, 1, 8
"24/04/2026, 23:10", 0, 56, 65, 41.3, 1, 8
"24/04/2026, 23:15", 0, 0, 9, 41.3, 1, 8
"24/04/2026, 23:20", 0, 51, 59, 40.7, 1, 8
"24/04/2026, 23:25", 0, 27, 36, 41.4, 1, 8
"24/04/2026, 23:30", 0, 0, 10, 41.5, 1, 8
"24/04/2026, 23:35", 0, 0, 8, 41.1, 1, 8
"24/04/2026, 23:40", 0, 0, 6, 40.9, 1, 8
"24/04/2026, 23:45", 0, 0, 7, 41.4, 1, 8
"24/04/2026, 23:50", 0, 6, 13, 40.4, 1, 8
"24/04/2026, 23:55", 0, 0, 9, 41.2, 1, 8
"25/04/2026, 00:00", 0, 0, 9, 41.0, 1, 8
"25/04/2026, 00:05", 0, 1, 10, 41.2, 1, 8
"25/04/2026, 00:10", 0, 41, 47, 41.5, 1, 8
"25/04/2026, 00:15", 0, 0, 5, 40.7, 1, 8
"25/04/2026, 00:20", 0, 0, 11, 41.5, 1, 8
"25/04/2026, 00:25", 0, 0, 7, 40.6, 1, 8
"25/04/2026, 00:30", 0, 19, 29, 40.2, 1, 8
"25/04/2026, 00:35", 0, 37, 47, 41.3, 1, 8
"25/04/2026, 00:40", 0, 1, 11, 41.8, 1, 8
"25/04/2026, 00:45", 0, 0, 5, 41.3, 1, 8
"25/04/2026, 00:50", 0, 58, 67, 40.5, 1, 8
"25/04/2026, 00:55", 0, 51, 57, 41.7, 1, 8
"25/04/2026, 01:00", 0, 0, 8, 41.0, 1, 8
"25/04/2026, 01:05", 0, 16, 22, 40.9, 1, 8
"25/04/2026, 01:10", 0, 0, 8, 40.8, 1, 8
"25/04/2026, 01:15", 0, 0, 9, 41.2, 1, 8
"25/04/2026, 01:20", 0, 0, 9, 40.6, 1, 8
"25/04/2026, 01:25", 0, 59, 67, 40.5, 1, 8
"25/04/2026, 01:30", 0, 0, 5, 41.4, 1, 8
"25/04/2026, 01:35", 0, 0, 6, 40.5, 1, 8
"25/04/2026, 01:40", 0, 49, 59, 41.6, 1, 8
"25/04/2026, 01:45", 0, 0, 9, 41.4, 1, 8
"25/04/2026, 01:50", 0, 0, 11, 41.2, 1, 8
"25/04/2026, 01:55", 0, 0, 7, 41.5, 1, 8
"25/04/2026, 02:00", 0, 47, 56, 40.8, 1, 8
"25/04/2026, 02:05", 0, 0, 6, 40.9, 1, 8
"25/04/2026, 02:10", 0, 33, 38, 41.0, 1, 8
"25/04/2026, 02:15", 0, 0, 5, 41.8, 1, 8
"25/04/2026, 02:20", 0, 8, 16, 40.6, 1, 8
"25/04/2026, 02:25", 0, 0, 8, 41.2, 1, 8
"25/04/2026, 02:30", 0, 9, 17, 41.2, 1, 8
"25/04/2026, 02:35", 0, 28, 37, 41.6, 1, 8
"25/04/2026, 02:40", 0, 22, 32, 41.8, 1, 8
"25/04/2026, 02:45", 0, 0, 8, 40.9, 1, 8
"25/04/2026, 02:50", 0, 6, 14, 40.3, 1, 8
"25/04/2026, 02:55", 0, 45, 51, 40.5, 1, 8
"25/04/2026, 03:00", 0, 9, 19, 41.7, 1, 8
"25/04/2026, 03:05", 0, 9, 17, 41.5, 1, 8
"25/04/2026, 03:10", 0, 0, 10, 40.3, 1, 8
"25/04/2026, 03:15", 0, 0, 9, 40.9, 1, 8
"25/04/2026, 03:20", 0, 0, 9, 41.5, 1, 8
"25/04/2026, 03:25", 0, 45, 54, 41.3, 1, 8
"25/04/2026, 03:30", 0, 54, 60, 41.1, 1, 8
"25/04/2026, 03:35", 0, 0, 9, 41.5, 1, 8
"25/04/2026, 03:40", 0, 0, 8, 40.8, 1, 8
"25/04/2026, 03:45", 0, 25, 33, 41.3, 1, 8
"25/04/2026, 03:50", 0, 0, 9, 41.5, 1, 8
"25/04/2026, 03:55", 0, 0, 11, 41.6, 1, 8
"25/04/2026, 04:00", 0, 18, 24, 41.4, 1, 8
"25/04/2026, 04:05", 0, 20, 28, 40.7, 1, 8
"25/04/2026, 04:10", 0, 0, 6, 40.6, 1, 8
"25/04/2026, 04:15", 0, 0, 7, 41.5, 1, 8
"25/04/2026, 04:20", 0, 20, 28, 40.3, 1, 8
"25/04/2026, 04:25", 0, 49, 59, 40.6, 1, 8
"25/04/2026, 04:30", 0, 18, 26, 41.6, 1, 8
"25/04/2026, 04:35", 0, 1, 8, 40.3, 1, 8
"25/04/2026, 04:40", 0, 55, 62, 40.9, 1, 8
"25/04/2026, 04:45", 0, 0, 9, 41.3, 1, 8
"25/04/2026, 04:50", 0, 8, 15, 40.2, 1, 8
"25/04/2026, 04:55", 0, 0, 7, 40.4, 1, 8
"25/04/2026, 05:00", 0, 10, 17, 40.7, 1, 8
"25/04/2026, 05:05", 0, 43, 49, 41.1, 1, 8
"25/04/2026, 05:10", 0, 0, 10, 41.3, 1, 8
"25/04/2026, 05:15", 0, 34, 41, 40.7, 1, 8
"25/04/2026, 05:20", 0, 25, 34, 41.1, 1, 8
"25/04/2026, 05:25", 0, 30, 40, 41.4, 1, 8
"25/04/2026, 05:30", 0, 0, 10, 40.9, 1, 8
"25/04/2026, 05:35", 0, 0, 5, 41.2, 1, 8
"25/04/2026, 05:40", 0, 0, 7, 41.1, 1, 8
"25/04/2026, 05:45", 0, 0, 6, 41.0, 1, 8
"25/04/2026, 05:50", 0, 21, 31, 41.3, 1, 8
"25/04/2026, 05:55", 0, 10, 18, 41.3, 1, 8
"25/04/2026, 06:00", 0, 2, 8, 40.6, 1, 8
"25/04/2026, 06:05", 0, 29, 39, 41.2, 1, 8
"25/04/2026, 06:10", 0, 0, 6, 41.0, 1, 8
"25/04/2026, 06:15", 0, 0, 8, 41.6, 1, 8
"25/04/2026, 06:20", 0, 0, 10, 40.2, 1, 8
"25/04/2026, 06:25", 0, 0, 10, 41.7, 1, 8
"25/04/2026, 06:30", 0, 0, 10, 40.9, 1, 8
"25/04/2026, 06:35", 0, 45, 54, 41.1, 1, 8
"25/04/2026, 06:40", 0, 16, 21, 41.4, 1, 8
"25/04/2026, 06:45", 0, 33, 42, 41.0, 1, 8
"25/04/2026, 06:50", 0, 12, 23, 41.4, 1, 8
"25/04/2026, 06:55", 0, 0, 8, 41.3, 1, 8
"25/04/2026, 07:00", 0, 0, 6, 40.2, 1, 8
"25/04/2026, 07:05", 0, 0, 5, 41.8, 1, 8
"25/04/2026, 07:10", 0, 0, 10, 41.5, 1, 8
"25/04/2026, 07:15", 0, 5, 11, 40.8, 1, 8
"25/04/2026, 07:20", 0, 21, 26, 41.6, 1, 8
"25/04/2026, 07:25", 0, 57, 68, 40.9, 1, 8
"25/04/2026, 07:30", 0, 8, 19, 41.3, 1, 8
"25/04/2026, 07:35", 0, 0, 8, 41.6, 1, 8
"25/04/2026, 07:40", 0, 41, 48, 40.3, 1, 8
"25/04/2026, 07:45", 0, 9, 16, 41.7, 1, 8
"25/04/2026, 07:50", 0, 0, 11, 40.3, 1, 8
"25/04/2026, 07:55", 0, 19, 26, 41.1, 1, 8
"25/04/2026, 08:00", 0, 211, 221, 40.4, 1, 8
"25/04/2026, 08:05", 0, 227, 233, 40.7, 1, 8
"25/04/2026, 08:10", 0, 227, 237, 41.5, 1, 8
"25/04/2026, 08:15", 0, 167, 175, 40.9, 1, 8
"25/04/2026, 08:20", 0, 245, 251, 41.8, 1, 8
"25/04/2026, 08:25", 0, 240, 248, 40.3, 1, 8
"25/04/2026, 08:30", 0, 192, 201, 41.1, 1, 8
"25/04/2026, 08:35", 0, 223, 234, 40.3, 1, 8
"25/04/2026, 08:40", 0, 169, 179, 41.2, 1, 8
"25/04/2026, 08:45", 0, 176, 182, 41.5, 1, 8
"25/04/2026, 08:50", 0, 250, 255, 40.4, 1, 8
"25/04/2026, 08:55", 0, 270, 280, 40.6, 1, 8
"25/04/2026, 09:00", 0, 465, 475, 41.7, 1, 8
"25/04/2026, 09:05", 0, 438, 444, 41.6, 1, 8
"25/04/2026, 09:10", 0, 384, 393, 40.2, 1, 8
"25/04/2026, 09:15", 0, 484, 492, 40.4, 1, 8
"25/04/2026, 09:20", 0, 390, 397, 41.6, 1, 8
"25/04/2026, 09:25", 0, 451, 458, 41.6, 1, 8
"25/04/2026, 09:30", 0, 389, 399, 40.3, 1, 8
"25/04/2026, 09:35", 0, 476, 481, 40.3, 1, 8
"25/04/2026, 09:40", 0, 451, 459, 40.7, 1, 8
"25/04/2026, 09:45", 0, 384, 393, 41.0, 1, 8
"25/04/2026, 09:50", 0, 379, 387, 40.9, 1, 8
"25/04/2026, 09:55", 0, 421, 427, 41.2, 1, 8
"25/04/2026, 10:00", 0, 657, 666, 42.5, 1, 8
"25/04/2026, 10:05", 0, 602, 609, 43.8, 1, 8
"25/04/2026, 10:10", 0, 591, 600, 42.3, 1, 8
"25/04/2026, 10:15", 0, 651, 658, 43.7, 1, 8
"25/04/2026, 10:20", 0, 619, 627, 43.5, 1, 8
"25/04/2026, 10:25", 0, 551, 559, 43.8, 1, 8
"25/04/2026, 10:30", 0, 613, 623, 43.7, 1, 8
"25/04/2026, 10:35", 0, 589, 596, 43.4, 1, 8
"25/04/2026, 10:40", 0, 582, 592, 43.1, 1, 8
"25/04/2026, 10:45", 0, 651, 660, 42.3, 1, 8
"25/04/2026, 10:50", 0, 553, 560, 43.1, 1, 8
"25/04/2026, 10:55", 0, 655, 663, 43.2, 1, 8
"25/04/2026, 11:00", 0, 729, 737, 42.4, 1, 8
"25/04/2026, 11:05", 0, 696, 704, 42.6, 1, 8
"25/04/2026, 11:10", 0, 749, 759, 43.4, 1, 8
"25/04/2026, 11:15", 0, 748, 756, 42.9, 1, 8
"25/04/2026, 11:20", 0, 728, 735, 42.6, 1, 8
"25/04/2026, 11:25", 0, 685, 691, 43.5, 1, 8
"25/04/2026, 11:30", 0, 743, 752, 42.3, 1, 8
"25/04/2026, 11:35", 0, 693, 703, 42.4, 1, 8
"25/04/2026, 11:40", 0, 688, 694, 43.5, 1, 8
"25/04/2026, 11:45", 0, 687, 692, 43.7, 1, 8
"25/04/2026, 11:50", 0, 714, 722, 43.0, 1, 8
"25/04/2026, 11:55", 0, 724, 733, 43.1, 1, 8
"25/04/2026, 12:00", 0, 775, 785, 43.7, 1, 8
"25/04/2026, 12:05", 0, 818, 825, 43.5, 1, 8
"25/04/2026, 12:10", 0, 766, 775, 43.6, 1, 8
"25/04/2026, 12:15", 0, 761, 766, 42.9, 1, 8
"25/04/2026, 12:20", 0, 816, 827, 43.4, 1, 8
"25/04/2026, 12:25", 0, 782, 791, 43.5, 1, 8
"25/04/2026, 12:30", 0, 800, 808, 42.8, 1, 8
"25/04/2026, 12:35", 0, 838, 848, 43.6, 1, 8
"25/04/2026, 12:40", 0, 825, 835, 43.7, 1, 8
"25/04/2026, 12:45", 0, 770, 776, 43.0, 1, 8
"25/04/2026, 12:50", 0, 828, 833, 43.0, 1, 8
"25/04/2026, 12:55", 0, 747, 757, 42.6, 1, 8
"25/04/2026, 13:00", 0, 758, 764, 42.6, 1, 8
"25/04/2026, 13:05", 0, 756, 762, 43.8, 1, 8
"25/04/2026, 13:10", 0, 809, 818, 43.0, 1, 8
"25/04/2026, 13:15", 0, 757, 764, 42.2, 1, 8
"25/04/2026, 13:20", 0, 852, 862, 43.6, 1, 8
"25/04/2026, 13:25", 0, 795, 803, 42.7, 1, 8
"25/04/2026, 13:30", 0, 781, 787, 43.3, 1, 8
"25/04/2026, 13:35", 0, 772, 778, 42.3, 1, 8
"25/04/2026, 13:40", 0, 774, 782, 42.4, 1, 8
"25/04/2026, 13:45", 0, 807, 817, 43.0, 1, 8
"25/04/2026, 13:50", 0, 733, 739, 42.4, 1, 8
"25/04/2026, 13:55", 0, 843, 851, 42.5, 1, 8
"25/04/2026, 14:00", 0, 733, 743, 42.6, 1, 8
"25/04/2026, 14:05", 0, 755, 762, 43.3, 1, 8
"25/04/2026, 14:10", 0, 754, 765, 43.3, 1, 8
"25/04/2026, 14:15", 0, 776, 783, 43.3, 1, 8
"25/04/2026, 14:20", 0, 730, 736, 43.5, 1, 8
"25/04/2026, 14:25", 0, 670, 676, 42.9, 1, 8
"25/04/2026, 14:30", 0, 745, 753, 43.3, 1, 8
"25/04/2026, 14:35", 0, 709, 716, 43.7, 1, 8
"25/04/2026, 14:40", 0, 682, 690, 43.1, 1, 8
"25/04/2026, 14:45", 0, 760, 767, 42.3, 1, 8
"25/04/2026, 14:50", 0, 701, 708, 42.9, 1, 8
"25/04/2026, 14:55", 0, 692, 702, 42.3, 1, 8
"25/04/2026, 15:00", 0, 567, 573, 43.7, 1, 8
"25/04/2026, 15:05", 0, 564, 570, 42.4, 1, 8
"25/04/2026, 15:10", 0, 591, 597, 42.4, 1, 8
"25/04/2026, 15:15", 0, 655, 662, 43.6, 1, 8
"25/04/2026, 15:20", 0, 563, 571, 42.6, 1, 8
"25/04/2026, 15:25", 0, 587, 598, 42.6, 1, 8
"25/04/2026, 15:30", 0, 576, 586, 43.1, 1, 8
"25/04/2026, 15:35", 0, 555, 560, 43.0, 1, 8
"25/04/2026, 15:40", 0, 559, 568, 43.3, 1, 8
"25/04/2026, 15:45", 0, 608, 615, 43.0, 1, 8
"25/04/2026, 15:50", 0, 553, 562, 42.9, 1, 8
"25/04/2026, 15:55", 0, 546, 554, 43.5, 1, 8
"25/04/2026, 16:00", 0, 397, 402, 42.4, 1, 8
"25/04/2026, 16:05", 0, 461, 469, 42.5, 1, 8
"25/04/2026, 16:10", 0, 387, 393, 42.3, 1, 8
"25/04/2026, 16:15", 0, 480, 488, 42.4, 1, 8
"25/04/2026, 16:20", 0, 462, 470, 43.0, 1, 8
"25/04/2026, 16:25", 0, 433, 441, 43.6, 1, 8
"25/04/2026, 16:30", 0, 445, 452, 43.0, 1, 8
"25/04/2026, 16:35", 0, 399, 410, 42.4, 1, 8
"25/04/2026, 16:40", 0, 465, 471, 43.5, 1, 8
"25/04/2026, 16:45", 0, 403, 414, 42.8, 1, 8
"25/04/2026, 16:50", 0, 424, 432, 42.9, 1, 8
"25/04/2026, 16:55", 0, 443, 449, 42.4, 1, 8
"25/04/2026, 17:00", 0, 249, 260, 41.4, 1, 8
"25/04/2026, 17:05", 0, 202, 213, 41.0, 1, 8
"25/04/2026, 17:10", 0, 279, 287, 40.6, 1, 8
"25/04/2026, 17:15", 0, 224, 233, 41.1, 1, 8
"25/04/2026, 17:20", 0, 235, 242, 41.8, 1, 8
"25/04/2026, 17:25", 0, 203, 209, 40.7, 1, 8
"25/04/2026, 17:30", 0, 185, 196, 40.4, 1, 8
"25/04/2026, 17:35", 0, 284, 290, 40.7, 1, 8
"25/04/2026, 17:40", 0, 213, 219, 41.5, 1, 8
"25/04/2026, 17:45", 0, 269, 277, 41.5, 1, 8
"25/04/2026, 17:50", 0, 253, 259, 41.5, 1, 8
"25/04/2026, 17:55", 0, 185, 192, 40.2, 1, 8
"25/04/2026, 18:00", 0, 37, 47, 41.1, 1, 8
"25/04/2026, 18:05", 0, 0, 9, 41.3, 1, 8
"25/04/2026, 18:10", 0, 19, 28, 41.3, 1, 8
"25/04/2026, 18:15", 0, 0, 10, 40.4, 1, 8
"25/04/2026, 18:20", 0, 0, 10, 40.4, 1, 8
"25/04/2026, 18:25", 0, 11, 19, 40.8, 1, 8
"25/04/2026, 18:30", 0, 0, 9, 40.8, 1, 8
"25/04/2026, 18:35", 0, 0, 6, 41.2, 1, 8
"25/04/2026, 18:40", 0, 15, 26, 40.5, 1, 8
"25/04/2026, 18:45", 0, 38, 44, 40.7, 1, 8
"25/04/2026, 18:50", 0, 0, 11, 41.6, 1, 8
"25/04/2026, 18:55", 0, 0, 11, 40.7, 1, 8
"25/04/2026, 19:00", 0, 0, 9, 41.2, 1, 8
"25/04/2026, 19:05", 0, 24, 34, 41.4, 1, 8
"25/04/2026, 19:10", 0, 8, 17, 40.4, 1, 8
"25/04/2026, 19:15", 0, 0, 9, 40.6, 1, 8
"25/04/2026, 19:20", 0, 8, 18, 41.5, 1, 8
"25/04/2026, 19:25", 0, 0, 8, 40.5, 1, 8
"25/04/2026, 19:30", 0, 0, 6, 41.4, 1, 8
"25/04/2026, 19:35", 0, 4, 10, 41.0, 1, 8
"25/04/2026, 19:40", 0, 0, 9, 41.5, 1, 8
"25/04/2026, 19:45", 0, 29, 39, 40.6, 1, 8
"25/04/2026, 19:50", 0, 0, 5, 41.1, 1, 8
"25/04/2026, 19:55", 0, 0, 10, 41.0, 1, 8
"25/04/2026, 20:00", 0, 0, 11, 40.5, 1, 8
"25/04/2026, 20:05", 0, 0, 7, 40.8, 1, 8
"25/04/2026, 20:10", 0, 9, 17, 40.6, 1, 8
"25/04/2026, 20:15", 0, 0, 10, 41.1, 1, 8
"25/04/2026, 20:20", 0, 32, 41, 40.5, 1, 8
"25/04/2026, 20:25", 0, 53, 60, 40.3, 1, 8
"25/04/2026, 20:30", 0, 22, 27, 40.4, 1, 8
"25/04/2026, 20:35", 0, 0, 11, 41.0, 1, 8
"25/04/2026, 20:40", 0, 49, 57, 41.7, 1, 8
"25/04/2026, 20:45", 0, 0, 6, 40.8, 1, 8
"25/04/2026, 20:50", 0, 23, 29, 41.4, 1, 8
"25/04/2026, 20:55", 0, 0, 6, 40.4, 1, 8
"25/04/2026, 21:00", 0, 27, 38, 41.6, 1, 8
"25/04/2026, 21:05", 0, 31, 41, 41.1, 1, 8
"25/04/2026, 21:10", 0, 0, 5, 40.5, 1, 8
"25/04/2026, 21:15", 0, 0, 9, 41.3, 1, 8
"25/04/2026, 21:20", 0, 43, 49, 40.3, 1, 8
"25/04/2026, 21:25", 0, 7, 13, 40.2, 1, 8
"25/04/2026, 21:30", 0, 48, 59, 40.5, 1, 8
"25/04/2026, 21:35", 0, 56, 61, 40.3, 1, 8
"25/04/2026, 21:40", 0, 45, 55, 41.0, 1, 8
"25/04/2026, 21:45", 0, 0, 10, 41.1, 1, 8
"25/04/2026, 21:50", 0, 0, 7, 40.7, 1, 8
"25/04/2026, 21:55", 0, 0, 9, 41.0, 1, 8
"25/04/2026, 22:00", 0, 45, 56, 40.8, 1, 8
"25/04/2026, 22:05", 0, 0, 6, 41.7, 1, 8
"25/04/2026, 22:10", 0, 51, 59, 40.8, 1, 8
"25/04/2026, 22:15", 0, 58, 67, 40.5, 1, 8
"25/04/2026, 22:20", 0, 12, 21, 41.2, 1, 8
"25/04/2026, 22:25", 0, 0, 8, 41.0, 1, 8
"25/04/2026, 22:30", 0, 41, 51, 40.9, 1, 8
"25/04/2026, 22:35", 0, 0, 8, 41.8, 1, 8
"25/04/2026, 22:40", 0, 20, 30, 40.7, 1, 8
"25/04/2026, 22:45", 0, 42, 52, 41.5, 1, 8
"25/04/2026, 22:50", 0, 33, 42, 40.3, 1, 8
"25/04/2026, 22:55", 0, 0, 11, 40.4, 1, 8
"25/04/2026, 23:00", 0, 59, 66, 41.6, 1, 8
"25/04/2026, 23:05", 0, 13, 18, 41.5, 1, 8
"25/04/2026, 23:10", 0, 12, 21, 40.3, 1, 8
"25/04/2026, 23:15", 0, 0, 7, 41.6, 1, 8
"25/04/2026, 23:20", 0, 0, 9, 41.4, 1, 8
"25/04/2026, 23:25", 0, 52, 58, 41.1, 1, 8
"25/04/2026, 23:30", 0, 0, 6, 41.5, 1, 8
"25/04/2026, 23:35", 0, 0, 7, 40.8, 1, 8
"25/04/2026, 23:40", 0, 35, 43, 40.9, 1, 8
"25/04/2026, 23:45", 0, 0, 8, 41.2, 1, 8
"25/04/2026, 23:50", 0, 40, 47, 40.7, 1, 8
"25/04/2026, 23:55", 0, 4, 12, 41.3, 1, 8
"26/04/2026, 00:00", 0, 0, 8, 41.0, 1, 8
"26/04/2026, 00:05", 0, 0, 6, 41.3, 1, 8
"26/04/2026, 00:10", 0, 0, 8, 41.8, 1, 8
"26/04/2026, 00:15", 0, 0, 9, 40.3, 1, 8
"26/04/2026, 00:20", 0, 33, 41, 41.7, 1, 8
"26/04/2026, 00:25", 0, 20, 28, 40.8, 1, 8
"26/04/2026, 00:30", 0, 57, 67, 40.5, 1, 8
"26/04/2026, 00:35", 0, 0, 10, 41.8, 1, 8
"26/04/2026, 00:40", 0, 54, 61, 41.5, 1, 8
"26/04/2026, 00:45", 0, 59, 65, 40.9, 1, 8
"26/04/2026, 00:50", 0, 24, 33, 41.4, 1, 8
"26/04/2026, 00:55", 0, 38, 49, 41.0, 1, 8
"26/04/2026, 01:00", 0, 56, 62, 41.7, 1, 8
"26/04/2026, 01:05", 0, 54, 64, 40.3, 1, 8
"26/04/2026, 01:10", 0, 8, 13, 40.3, 1, 8
"26/04/2026, 01:15", 0, 55, 65, 41.5, 1, 8
"26/04/2026, 01:20", 0, 58, 64, 41.3, 1, 8
"26/04/2026, 01:25", 0, 20, 29, 40.4, 1, 8
"26/04/2026, 01:30", 0, 0, 8, 40.2, 1, 8
"26/04/2026, 01:35", 0, 0, 10, 41.4, 1, 8
"26/04/2026, 01:40", 0, 32, 39, 41.1, 1, 8
"26/04/2026, 01:45", 0, 0, 9, 40.5, 1, 8
"26/04/2026, 01:50", 0, 0, 10, 41.6, 1, 8
"26/04/2026, 01:55", 0, 21, 26, 41.0, 1, 8
"26/04/2026, 02:00", 0, 0, 6, 40.6, 1, 8
"26/04/2026, 02:05", 0, 15, 21, 41.7, 1, 8
"26/04/2026, 02:10", 0, 0, 10, 40.8, 1, 8
"26/04/2026, 02:15", 0, 0, 5, 41.8, 1, 8
"26/04/2026, 02:20", 0, 59, 70, 41.4, 1, 8
"26/04/2026, 02:25", 0, 7, 17, 41.3, 1, 8
"26/04/2026, 02:30", 0, 24, 32, 41.5, 1, 8
"26/04/2026, 02:35", 0, 4, 14, 41.5, 1, 8
"26/04/2026, 02:40", 0, 0, 8, 41.1, 1, 8
"26/04/2026, 02:45", 0, 14, 23, 41.6, 1, 8
"26/04/2026, 02:50", 0, 33, 43, 40.2, 1, 8
"26/04/2026, 02:55", 0, 34, 40, 41.2, 1, 8
"26/04/2026, 03:00", 0, 48, 53, 41.1, 1, 8
"26/04/2026, 03:05", 0, 50, 55, 41.2, 1, 8
"26/04/2026, 03:10", 0, 0, 8, 40.9, 1, 8
"26/04/2026, 03:15", 0, 2, 10, 41.8, 1, 8
"26/04/2026, 03:20", 0, 0, 10, 40.7, 1, 8
"26/04/2026, 03:25", 0, 0, 6, 41.5, 1, 8
"26/04/2026, 03:30", 0, 0, 11, 40.6, 1, 8
"26/04/2026, 03:35", 0, 0, 5, 41.6, 1, 8
"26/04/2026, 03:40", 0, 0, 8, 41.0, 1, 8
"26/04/2026, 03:45", 0, 9, 15, 40.2, 1, 8
"26/04/2026, 03:50", 0, 0, 11, 41.5, 1, 8
"26/04/2026, 03:55", 0, 0, 8, 40.9, 1, 8
"26/04/2026, 04:00", 0, 0, 5, 40.4, 1, 8
"26/04/2026, 04:05", 0, 36, 47, 40.8, 1, 8
"26/04/2026, 04:10", 0, 60, 68, 40.2, 1, 8
"26/04/2026, 04:15", 0, 32, 38, 40.6, 1, 8
"26/04/2026, 04:20", 0, 0, 7, 40.9, 1, 8
"26/04/2026, 04:25", 0, 10, 19, 41.4, 1, 8
"26/04/2026, 04:30", 0, 0, 10, 40.6, 1, 8
"26/04/2026, 04:35", 0, 0, 7, 41.3, 1, 8
"26/04/2026, 04:40", 0, 0, 6, 41.3, 1, 8
"26/04/2026, 04:45", 0, 0, 6, 41.1, 1, 8
"26/04/2026, 04:50", 0, 3, 9, 40.5, 1, 8
"26/04/2026, 04:55", 0, 0, 7, 40.9, 1, 8
"26/04/2026, 05:00", 0, 2, 9, 40.5, 1, 8
"26/04/2026, 05:05", 0, 0, 9, 41.6, 1, 8
"26/04/2026, 05:10", 0, 1, 10, 41.2, 1, 8
"26/04/2026, 05:15", 0, 1, 10, 41.1, 1, 8
"26/04/2026, 05:20", 0, 44, 52, 41.5, 1, 8
"26/04/2026, 05:25", 0, 2, 11, 41.2, 1, 8
"26/04/2026, 05:30", 0, 0, 6, 40.5, 1, 8
"26/04/2026, 05:35", 0, 0, 6, 41.2, 1, 8
"26/04/2026, 05:40", 0, 0, 8, 41.2, 1, 8
"26/04/2026, 05:45", 0, 20, 27, 41.8, 1, 8
"26/04/2026, 05:50", 0, 41, 51, 40.5, 1, 8
"26/04/2026, 05:55", 0, 0, 11, 41.0, 1, 8
"26/04/2026, 06:00", 0, 0, 5, 41.3, 1, 8
"26/04/2026, 06:05", 0, 0, 5, 41.5, 1, 8
"26/04/2026, 06:10", 0, 0, 8, 41.8, 1, 8
"26/04/2026, 06:15", 0, 0, 8, 41.6, 1, 8
"26/04/2026, 06:20", 0, 0, 7, 41.8, 1, 8
"26/04/2026, 06:25", 0, 29, 37, 41.1, 1, 8
"26/04/2026, 06:30", 0, 18, 24, 40.3, 1, 8
"26/04/2026, 06:35", 0, 0, 8, 40.3, 1, 8
"26/04/2026, 06:40", 0, 0, 8, 41.1, 1, 8
"26/04/2026, 06:45", 0, 11, 19, 41.8, 1, 8
"26/04/2026, 06:50", 0, 45, 54, 41.0, 1, 8
"26/04/2026, 06:55", 0, 0, 8, 40.8, 1, 8
"26/04/2026, 07:00", 0, 0, 10, 40.5, 1, 8
"26/04/2026, 07:05", 0, 0, 5, 41.7, 1, 8
"26/04/2026, 07:10", 0, 0, 7, 40.6, 1, 8
"26/04/2026, 07:15", 0, 0, 8, 40.9, 1, 8
"26/04/2026, 07:20", 0, 0, 5, 40.3, 1, 8
"26/04/2026, 07:25", 0, 0, 7, 40.8, 1, 8
"26/04/2026, 07:30", 0, 0, 7, 40.2, 1, 8
"26/04/2026, 07:35", 0, 0, 7, 41.1, 1, 8
"26/04/2026, 07:40", 0, 55, 64, 41.7, 1, 8
"26/04/2026, 07:45", 0, 0, 10, 40.9, 1, 8
"26/04/2026, 07:50", 0, 44, 53, 41.8, 1, 8
"26/04/2026, 07:55", 0, 0, 8, 40.4, 1, 8
"26/04/2026, 08:00", 0, 171, 178, 40.6, 1, 8
"26/04/2026, 08:05", 0, 230, 238, 40.9, 1, 8
"26/04/2026, 08:10", 0, 181, 186, 41.3, 1, 8
"26/04/2026, 08:15", 0, 217, 225, 40.8, 1, 8
"26/04/2026, 08:20", 0, 225, 235, 41.4, 1, 8
"26/04/2026, 08:25", 0, 231, 239, 40.7, 1, 8
"26/04/2026, 08:30", 0, 234, 243, 41.6, 1, 8
"26/04/2026, 08:35", 0, 175, 181, 41.7, 1, 8
"26/04/2026, 08:40", 0, 284, 291, 41.2, 1, 8
"26/04/2026, 08:45", 0, 271, 281, 41.7, 1, 8
"26/04/2026, 08:50", 0, 223, 233, 41.4, 1, 8
"26/04/2026, 08:55", 0, 255, 263, 41.4, 1, 8
"26/04/2026, 09:00", 0, 491, 498, 41.2, 1, 8
"26/04/2026, 09:05", 0, 380, 389, 40.6, 1, 8
"26/04/2026, 09:10", 0, 429, 437, 41.8, 1, 8
"26/04/2026, 09:15", 0, 474, 483, 40.8, 1, 8
"26/04/2026, 09:20", 0, 394, 403, 40.8, 1, 8
"26/04/2026, 09:25", 0, 451, 459, 40.7, 1, 8
"26/04/2026, 09:30", 0, 492, 500, 40.6, 1, 8
"26/04/2026, 09:35", 0, 386, 395, 41.0, 1, 8
"26/04/2026, 09:40", 0, 433, 440, 40.2, 1, 8
"26/04/2026, 09:45", 0, 381, 388, 40.9, 1, 8
"26/04/2026, 09:50", 0, 436, 443, 40.9, 1, 8
"26/04/2026, 09:55", 0, 480, 486, 41.7, 1, 8
"26/04/2026, 10:00", 0, 645, 654, 43.6, 1, 8
"26/04/2026, 10:05", 0, 606, 616, 42.4, 1, 8
"26/04/2026, 10:10", 0, 549, 558, 42.4, 1, 8
"26/04/2026, 10:15", 0, 581, 589, 43.4, 1, 8
"26/04/2026, 10:20", 0, 607, 618, 42.7, 1, 8
"26/04/2026, 10:25", 0, 569, 579, 43.4, 1, 8
"26/04/2026, 10:30", 0, 634, 640, 42.4, 1, 8
"26/04/2026, 10:35", 0, 663, 671, 42.7, 1, 8
"26/04/2026, 10:40", 0, 555, 565, 42.5, 1, 8
"26/04/2026, 10:45", 0, 600, 609, 43.2, 1, 8
"26/04/2026, 10:50", 0, 602, 610, 43.5, 1, 8
"26/04/2026, 10:55", 0, 635, 646, 42.6, 1, 8
"26/04/2026, 11:00", 0, 764, 771, 43.3, 1, 8
"26/04/2026, 11:05", 0, 718, 723, 42.5, 1, 8
"26/04/2026, 11:10", 0, 688, 695, 42.6, 1, 8
"26/04/2026, 11:15", 0, 773, 780, 42.6, 1, 8
"26/04/2026, 11:20", 0, 691, 700, 42.6, 1, 8
"26/04/2026, 11:25", 0, 785, 791, 43.6, 1, 8
"26/04/2026, 11:30", 0, 740, 748, 43.4, 1, 8
"26/04/2026, 11:35", 0, 733, 742, 42.2, 1, 8
"26/04/2026, 11:40", 0, 727, 736, 42.8, 1, 8
"26/04/2026, 11:45", 0, 731, 739, 43.6, 1, 8
"26/04/2026, 11:50", 0, 746, 754, 43.1, 1, 8
"26/04/2026, 11:55", 0, 741, 750, 42.6, 1, 8
"26/04/2026, 12:00", 0, 795, 805, 43.6, 1, 8
"26/04/2026, 12:05", 0, 845, 854, 43.6, 1, 8
"26/04/2026, 12:10", 0, 826, 833, 42.8, 1, 8
"26/04/2026, 12:15", 0, 799, 810, 42.3, 1, 8
"26/04/2026, 12:20", 0, 778, 787, 42.8, 1, 8
"26/04/2026, 12:25", 0, 804, 813, 43.5, 1, 8
"26/04/2026, 12:30", 0, 771, 779, 43.0, 1, 8
"26/04/2026, 12:35", 0, 750, 758, 42.2, 1, 8
"26/04/2026, 12:40", 0, 836, 845, 42.3, 1, 8
"26/04/2026, 12:45", 0, 790, 801, 42.2, 1, 8
"26/04/2026, 12:50", 0, 822, 828, 43.3, 1, 8
"26/04/2026, 12:55", 0, 804, 810, 42.8, 1, 8
"26/04/2026, 13:00", 0, 760, 769, 42.3, 1, 8
"26/04/2026, 13:05", 0, 774, 780, 43.6, 1, 8
"26/04/2026, 13:10", 0, 763, 771, 43.5, 1, 8
"26/04/2026, 13:15", 0, 814, 819, 42.2, 1, 8
"26/04/2026, 13:20", 0, 818, 824, 42.3, 1, 8
"26/04/2026, 13:25", 0, 844, 851, 43.7, 1, 8
"26/04/2026, 13:30", 0, 845, 851, 43.4, 1, 8
"26/04/2026, 13:35", 0, 785, 795, 42.3, 1, 8
"26/04/2026, 13:40", 0, 757, 763, 43.3, 1, 8
"26/04/2026, 13:45", 0, 793, 801, 42.9, 1, 8
"26/04/2026, 13:50", 0, 807, 815, 42.6, 1, 8
"26/04/2026, 13:55", 0, 809, 817, 42.7, 1, 8
"26/04/2026, 14:00", 0, 760, 768, 43.2, 1, 8
"26/04/2026, 14:05", 0, 706, 712, 42.2, 1, 8
"26/04/2026, 14:10", 0, 732, 737, 43.7, 1, 8
"26/04/2026, 14:15", 0, 743, 749, 42.7, 1, 8
"26/04/2026, 14:20", 0, 747, 757, 42.7, 1, 8
"26/04/2026, 14:25", 0, 672, 682, 43.4, 1, 8
"26/04/2026, 14:30", 0, 686, 696, 42.5, 1, 8
"26/04/2026, 14:35", 0, 676, 685, 43.4, 1, 8
"26/04/2026, 14:40", 0, 736, 741, 43.1, 1, 8
"26/04/2026, 14:45", 0, 683, 694, 43.7, 1, 8
"26/04/2026, 14:50", 0, 734, 741, 43.6, 1, 8
"26/04/2026, 14:55", 0, 784, 794, 42.7, 1, 8
"26/04/2026, 15:00", 0, 609, 617, 42.6, 1, 8
"26/04/2026, 15:05", 0, 623, 631, 43.6, 1, 8
"26/04/2026, 15:10", 0, 554, 561, 42.8, 1, 8
"26/04/2026, 15:15", 0, 613, 619, 43.4, 1, 8
"26/04/2026, 15:20", 0, 615, 622, 43.1, 1, 8
"26/04/2026, 15:25", 0, 567, 576, 43.0, 1, 8
"26/04/2026, 15:30", 0, 620, 629, 43.6, 1, 8
"26/04/2026, 15:35", 0, 571, 578, 43.1, 1, 8
"26/04/2026, 15:40", 0, 551, 557, 42.9, 1, 8
"26/04/2026, 15:45", 0, 593, 599, 42.3, 1, 8
"26/04/2026, 15:50", 0, 585, 593, 42.5, 1, 8
"26/04/2026, 15:55", 0, 636, 645, 42.3, 1, 8
"26/04/2026, 16:00", 0, 459, 464, 43.8, 1, 8
"26/04/2026, 16:05", 0, 487, 492, 42.9, 1, 8
"26/04/2026, 16:10", 0, 387, 393, 42.4, 1, 8
"26/04/2026, 16:15", 0, 415, 423, 43.2, 1, 8
"26/04/2026, 16:20", 0, 450, 458, 42.8, 1, 8
"26/04/2026, 16:25", 0, 377, 385, 43.1, 1, 8
"26/04/2026, 16:30", 0, 437, 446, 43.5, 1, 8
"26/04/2026, 16:35", 0, 478, 483, 43.1, 1, 8
"26/04/2026, 16:40", 0, 490, 500, 43.7, 1, 8
"26/04/2026, 16:45", 0, 471, 476, 43.4, 1, 8
"26/04/2026, 16:50", 0, 492, 501, 43.2, 1, 8
"26/04/2026, 16:55", 0, 464, 470, 42.3, 1, 8
"26/04/2026, 17:00", 0, 199, 209, 41.4, 1, 8
"26/04/2026, 17:05", 0, 281, 290, 41.1, 1, 8
"26/04/2026, 17:10", 0, 264, 272, 41.5, 1, 8
"26/04/2026, 17:15", 0, 267, 277, 41.2, 1, 8
"26/04/2026, 17:20", 0, 195, 202, 40.7, 1, 8
"26/04/2026, 17:25", 0, 215, 223, 41.4, 1, 8
"26/04/2026, 17:30", 0, 197, 208, 41.7, 1, 8
"26/04/2026, 17:35", 0, 187, 192, 40.3, 1, 8
"26/04/2026, 17:40", 0, 214, 222, 40.6, 1, 8
"26/04/2026, 17:45", 0, 244, 249, 41.5, 1, 8
"26/04/2026, 17:50", 0, 182, 191, 41.2, 1, 8
"26/04/2026, 17:55", 0, 235, 243, 41.5, 1, 8
"26/04/2026, 18:00", 0, 0, 5, 40.4, 1, 8
"26/04/2026, 18:05", 0, 0, 9, 41.0, 1, 8
"26/04/2026, 18:10", 0, 11, 17, 40.8, 1, 8
"26/04/2026, 18:15", 0, 37, 47, 41.0, 1, 8
"26/04/2026, 18:20", 0, 24, 32, 40.7, 1, 8
"26/04/2026, 18:25", 0, 0, 11, 40.3, 1, 8
"26/04/2026, 18:30", 0, 0, 9, 40.9, 1, 8
"26/04/2026, 18:35", 0, 0, 7, 41.6, 1, 8
"26/04/2026, 18:40", 0, 0, 8, 41.2, 1, 8
"26/04/2026, 18:45", 0, 0, 9, 40.9, 1, 8
"26/04/2026, 18:50", 0, 0, 7, 41.1, 1, 8
"26/04/2026, 18:55", 0, 0, 8, 41.1, 1, 8
"26/04/2026, 19:00", 0, 0, 9, 40.4, 1, 8
"26/04/2026, 19:05", 0, 17, 27, 40.8, 1, 8
"26/04/2026, 19:10", 0, 8, 18, 41.7, 1, 8
"26/04/2026, 19:15", 0, 58, 64, 41.1, 1, 8
"26/04/2026, 19:20", 0, 0, 9, 40.7, 1, 8
"26/04/2026, 19:25", 0, 12, 17, 41.7, 1, 8
"26/04/2026, 19:30", 0, 34, 40, 41.0, 1, 8
"26/04/2026, 19:35", 0, 0, 8, 41.5, 1, 8
"26/04/2026, 19:40", 0, 0, 10, 41.6, 1, 8
"26/04/2026, 19:45", 0, 0, 10, 40.8, 1, 8
"26/04/2026, 19:50", 0, 0, 7, 40.3, 1, 8
"26/04/2026, 19:55", 0, 25, 35, 40.8, 1, 8
"26/04/2026, 20:00", 0, 0, 6, 40.4, 1, 8
"26/04/2026, 20:05", 0, 0, 10, 41.6, 1, 8
"26/04/2026, 20:10", 0, 8, 15, 40.9, 1, 8
"26/04/2026, 20:15", 0, 0, 10, 40.9, 1, 8
"26/04/2026, 20:20", 0, 8, 15, 41.5, 1, 8
"26/04/2026, 20:25", 0, 55, 61, 40.9, 1, 8
"26/04/2026, 20:30", 0, 43, 51, 40.8, 1, 8
"26/04/2026, 20:35", 0, 41, 49, 41.5, 1, 8
"26/04/2026, 20:40", 0, 51, 59, 40.4, 1, 8
"26/04/2026, 20:45", 0, 0, 7, 40.9, 1, 8
"26/04/2026, 20:50", 0, 0, 7, 41.1, 1, 8
"26/04/2026, 20:55", 0, 26, 34, 40.9, 1, 8
"26/04/2026, 21:00", 0, 16, 27, 41.4, 1, 8
"26/04/2026, 21:05", 0, 55, 60, 41.3, 1, 8
"26/04/2026, 21:10", 0, 0, 7, 41.7, 1, 8
"26/04/2026, 21:15", 0, 3, 10, 40.4, 1, 8
"26/04/2026, 21:20", 0, 8, 16, 40.5, 1, 8
"26/04/2026, 21:25", 0, 2, 8, 40.8, 1, 8
"26/04/2026, 21:30", 0, 0, 6, 40.7, 1, 8
"26/04/2026, 21:35", 0, 0, 5, 41.4, 1, 8
"26/04/2026, 21:40", 0, 0, 11, 41.7, 1, 8
"26/04/2026, 21:45", 0, 42, 50, 40.6, 1, 8
"26/04/2026, 21:50", 0, 8, 14, 41.4, 1, 8
"26/04/2026, 21:55", 0, 0, 7, 40.5, 1, 8
"26/04/2026, 22:00", 0, 47, 55, 40.5, 1, 8
"26/04/2026, 22:05", 0, 45, 54, 40.6, 1, 8
"26/04/2026, 22:10", 0, 0, 8, 40.3, 1, 8
"26/04/2026, 22:15", 0, 0, 8, 41.6, 1, 8
"26/04/2026, 22:20", 0, 25, 36, 40.7, 1, 8
"26/04/2026, 22:25", 0, 54, 65, 40.5, 1, 8
"26/04/2026, 22:30", 0, 0, 10, 40.2, 1, 8
"26/04/2026, 22:35", 0, 0, 7, 41.3, 1, 8
"26/04/2026, 22:40", 0, 1, 7, 40.4, 1, 8
"26/04/2026, 22:45", 0, 35, 42, 41.4, 1, 8
"26/04/2026, 22:50", 0, 0, 6, 41.3, 1, 8
"26/04/2026, 22:55", 0, 0, 5, 41.3, 1, 8
"26/04/2026, 23:00", 0, 9, 16, 40.3, 1, 8
"26/04/2026, 23:05", 0, 0, 7, 40.8, 1, 8
"26/04/2026, 23:10", 0, 0, 9, 41.4, 1, 8
"26/04/2026, 23:15", 0, 0, 8, 40.5, 1, 8
"26/04/2026, 23:20", 0, 37, 45, 41.4, 1, 8
"26/04/2026, 23:25", 0, 1, 8, 40.8, 1, 8
"26/04/2026, 23:30", 0, 0, 6, 41.7, 1, 8
"26/04/2026, 23:35", 0, 0, 6, 41.5, 1, 8
"26/04/2026, 23:40", 0, 0, 7, 41.4, 1, 8
"26/04/2026, 23:45", 0, 0, 8, 41.0, 1, 8
"26/04/2026, 23:50", 0, 6, 12, 41.5, 1, 8
"26/04/2026, 23:55", 0, 13, 22, 41.3, 1, 8
"27/04/2026, 00:00", 0, 0, 10, 41.2, 1, 8
"27/04/2026, 00:05", 0, 26, 35, 41.2, 1, 8
"27/04/2026, 00:10", 0, 0, 6, 40.8, 1, 8
"27/04/2026, 00:15", 0, 0, 5, 40.3, 1, 8
"27/04/2026, 00:20", 0, 31, 39, 40.4, 1, 8
"27/04/2026, 00:25", 0, 50, 59, 40.9, 1, 8
"27/04/2026, 00:30", 0, 41, 49, 40.5, 1, 8
"27/04/2026, 00:35", 0, 0, 10, 40.8, 1, 8
"27/04/2026, 00:40", 0, 0, 6, 41.0, 1, 8
"27/04/2026, 00:45", 0, 43, 52, 41.7, 1, 8
"27/04/2026, 00:50", 0, 54, 62, 41.7, 1, 8
"27/04/2026, 00:55", 0, 0, 7, 40.4, 1, 8
"27/04/2026, 01:00", 0, 28, 36, 40.7, 1, 8
"27/04/2026, 01:05", 0, 0, 9, 41.8, 1, 8
"27/04/2026, 01:10", 0, 22, 28, 41.0, 1, 8
"27/04/2026, 01:15", 0, 38, 44, 41.2, 1, 8
"27/04/2026, 01:20", 0, 3, 10, 40.3, 1, 8
"27/04/2026, 01:25", 0, 0, 8, 40.7, 1, 8
"27/04/2026, 01:30", 0, 34, 43, 40.7, 1, 8
"27/04/2026, 01:35", 0, 0, 10, 41.8, 1, 8
"27/04/2026, 01:40", 0, 0, 6, 41.7, 1, 8
"27/04/2026, 01:45", 0, 2, 13, 40.4, 1, 8
"27/04/2026, 01:50", 0, 0, 7, 41.4, 1, 8
"27/04/2026, 01:55", 0, 13, 19, 41.7, 1, 8
"27/04/2026, 02:00", 0, 20, 30, 41.0, 1, 8
"27/04/2026, 02:05", 0, 0, 6, 40.7, 1, 8
"27/04/2026, 02:10", 0, 13, 20, 40.5, 1, 8
"27/04/2026, 02:15", 0, 45, 55, 40.9, 1, 8
"27/04/2026, 02:20", 0, 0, 8, 41.5, 1, 8
"27/04/2026, 02:25", 0, 29, 34, 41.5, 1, 8
"27/04/2026, 02:30", 0, 37, 45, 40.7, 1, 8
"27/04/2026, 02:35", 0, 0, 11, 41.2, 1, 8
"27/04/2026, 02:40", 0, 0, 6, 40.5, 1, 8
"27/04/2026, 02:45", 0, 0, 8, 41.4, 1, 8
"27/04/2026, 02:50", 0, 21, 28, 40.7, 1, 8
"27/04/2026, 02:55", 0, 0, 8, 41.2, 1, 8
"27/04/2026, 03:00", 0, 8, 16, 41.2, 1, 8
"27/04/2026, 03:05", 0, 49, 60, 41.0, 1, 8
"27/04/2026, 03:10", 0, 6, 16, 41.4, 1, 8
"27/04/2026, 03:15", 0, 0, 10, 41.8, 1, 8
"27/04/2026, 03:20", 0, 18, 27, 40.5, 1, 8
"27/04/2026, 03:25", 0, 22, 28, 41.1, 1, 8
"27/04/2026, 03:30", 0, 0, 5, 41.7, 1, 8
"27/04/2026, 03:35", 0, 22, 30, 40.8, 1, 8
"27/04/2026, 03:40", 0, 0, 11, 40.3, 1, 8
"27/04/2026, 03:45", 0, 7, 15, 40.8, 1, 8
"27/04/2026, 03:50", 0, 0, 6, 41.1, 1, 8
"27/04/2026, 03:55", 0, 0, 6, 41.8, 1, 8
"27/04/2026, 04:00", 0, 8, 14, 41.1, 1, 8
"27/04/2026, 04:05", 0, 0, 11, 41.2, 1, 8
"27/04/2026, 04:10", 0, 59, 67, 41.3, 1, 8
"27/04/2026, 04:15", 0, 19, 25, 41.6, 1, 8
"27/04/2026, 04:20", 0, 0, 10, 40.8, 1, 8
"27/04/2026, 04:25", 0, 0, 6, 40.5, 1, 8
"27/04/2026, 04:30", 0, 0, 11, 40.6, 1, 8
"27/04/2026, 04:35", 0, 13, 22, 41.2, 1, 8
"27/04/2026, 04:40", 0, 0, 8, 41.2, 1, 8
"27/04/2026, 04:45", 0, 0, 9, 41.0, 1, 8
"27/04/2026, 04:50", 0, 40, 51, 41.7, 1, 8
"27/04/2026, 04:55", 0, 29, 34, 40.2, 1, 8
"27/04/2026, 05:00", 0, 51, 60, 40.3, 1, 8
"27/04/2026, 05:05", 0, 0, 10, 40.6, 1, 8
"27/04/2026, 05:10", 0, 39, 49, 40.9, 1, 8
"27/04/2026, 05:15", 0, 34, 42, 41.8, 1, 8
"27/04/2026, 05:20", 0, 45, 56, 40.6, 1, 8
"27/04/2026, 05:25", 0, 6, 15, 41.4, 1, 8
"27/04/2026, 05:30", 0, 0, 9, 41.4, 1, 8
"27/04/2026, 05:35", 0, 38, 47, 40.7, 1, 8
"27/04/2026, 05:40", 0, 0, 9, 40.2, 1, 8
"27/04/2026, 05:45", 0, 14, 20, 41.7, 1, 8
"27/04/2026, 05:50", 0, 4, 10, 40.3, 1, 8
"27/04/2026, 05:55", 0, 0, 6, 41.8, 1, 8
"27/04/2026, 06:00", 0, 0, 9, 41.0, 1, 8
"27/04/2026, 06:05", 0, 0, 5, 41.1, 1, 8
"27/04/2026, 06:10", 0, 19, 25, 41.3, 1, 8
"27/04/2026, 06:15", 0, 50, 55, 40.8, 1, 8
"27/04/2026, 06:20", 0, 0, 10, 40.5, 1, 8
"27/04/2026, 06:25", 0, 27, 37, 41.0, 1, 8
"27/04/2026, 06:30", 0, 14, 24, 41.7, 1, 8
"27/04/2026, 06:35", 0, 0, 8, 41.4, 1, 8
"27/04/2026, 06:40", 0, 59, 68, 41.8, 1, 8
"27/04/2026, 06:45", 0, 0, 10, 41.2, 1, 8
"27/04/2026, 06:50", 0, 1, 6, 41.2, 1, 8
"27/04/2026, 06:55", 0, 5, 10, 40.4, 1, 8
"27/04/2026, 07:00", 0, 43, 51, 40.3, 1, 8
"27/04/2026, 07:05", 0, 10, 18, 40.5, 1, 8
"27/04/2026, 07:10", 0, 0, 8, 41.1, 1, 8
"27/04/2026, 07:15", 0, 0, 10, 41.5, 1, 8
"27/04/2026, 07:20", 0, 48, 54, 41.8, 1, 8
"27/04/2026, 07:25", 0, 31, 37, 41.5, 1, 8
"27/04/2026, 07:30", 0, 0, 11, 41.1, 1, 8
"27/04/2026, 07:35", 0, 0, 7, 41.6, 1, 8
"27/04/2026, 07:40", 0, 0, 7, 41.7, 1, 8
"27/04/2026, 07:45", 0, 0, 11, 41.1, 1, 8
"27/04/2026, 07:50", 0, 0, 6, 41.4, 1, 8
"27/04/2026, 07:55", 0, 0, 10, 40.8, 1, 8
"27/04/2026, 08:00", 0, 233, 239, 41.0, 1, 8
"27/04/2026, 08:05", 0, 176, 184, 40.7, 1, 8
"27/04/2026, 08:10", 0, 170, 175, 40.2, 1, 8
"27/04/2026, 08:15", 0, 235, 242, 41.6, 1, 8
"27/04/2026, 08:20", 0, 184, 193, 40.4, 1, 8
"27/04/2026, 08:25", 0, 275, 284, 41.4, 1, 8
"27/04/2026, 08:30", 0, 180, 186, 41.0, 1, 8
"27/04/2026, 08:35", 0, 262, 270, 41.1, 1, 8
"27/04/2026, 08:40", 0, 264, 269, 40.8, 1, 8
"27/04/2026, 08:45", 0, 275, 282, 40.3, 1, 8
"27/04/2026, 08:50", 0, 203, 208, 41.7, 1, 8
"27/04/2026, 08:55", 0, 207, 214, 41.1, 1, 8
"27/04/2026, 09:00", 0, 441, 447, 41.3, 1, 8
"27/04/2026, 09:05", 0, 448, 453, 40.6, 1, 8
"27/04/2026, 09:10", 0, 445, 456, 41.7, 1, 8
"27/04/2026, 09:15", 0, 410, 418, 40.7, 1, 8
"27/04/2026, 09:20", 0, 386, 391, 40.5, 1, 8
"27/04/2026, 09:25", 0, 484, 491, 41.5, 1, 8
"27/04/2026, 09:30", 0, 473, 479, 41.0, 1, 8
"27/04/2026, 09:35", 0, 435, 443, 40.5, 1, 8
"27/04/2026, 09:40", 0, 432, 439, 40.8, 1, 8
"27/04/2026, 09:45", 0, 377, 385, 41.3, 1, 8
"27/04/2026, 09:50", 0, 432, 439, 40.9, 1, 8
"27/04/2026, 09:55", 0, 468, 479, 41.0, 1, 8
"27/04/2026, 10:00", 0, 566, 575, 43.7, 1, 8
"27/04/2026, 10:05", 0, 653, 660, 42.8, 1, 8
"27/04/2026, 10:10", 0, 584, 595, 42.6, 1, 8
"27/04/2026, 10:15", 0, 590, 600, 43.0, 1, 8
"27/04/2026, 10:20", 0, 651, 660, 43.3, 1, 8
"27/04/2026, 10:25", 0, 594, 601, 43.1, 1, 8
"27/04/2026, 10:30", 0, 654, 660, 42.7, 1, 8
"27/04/2026, 10:35", 0, 605, 611, 42.3, 1, 8
"27/04/2026, 10:40", 0, 558, 563, 43.0, 1, 8
"27/04/2026, 10:45", 0, 629, 634, 43.6, 1, 8
"27/04/2026, 10:50", 0, 637, 647, 42.5, 1, 8
"27/04/2026, 10:55", 0, 618, 628, 42.9, 1, 8
"27/04/2026, 11:00", 0, 708, 719, 42.8, 1, 8
"27/04/2026, 11:05", 0, 671, 680, 43.1, 1, 8
"27/04/2026, 11:10", 0, 678, 689, 43.2, 1, 8
"27/04/2026, 11:15", 0, 783, 792, 42.9, 1, 8
"27/04/2026, 11:20", 0, 771, 782, 42.9, 1, 8
"27/04/2026, 11:25", 0, 763, 770, 43.0, 1, 8
"27/04/2026, 11:30", 0, 682, 687, 42.6, 1, 8
"27/04/2026, 11:35", 0, 739, 750, 43.2, 1, 8
"27/04/2026, 11:40", 0, 714, 719, 43.5, 1, 8
"27/04/2026, 11:45", 0, 745, 751, 42.9, 1, 8
"27/04/2026, 11:50", 0, 744, 751, 43.7, 1, 8
"27/04/2026, 11:55", 0, 773, 784, 43.2, 1, 8
"27/04/2026, 12:00", 0, 792, 802, 42.5, 1, 8
"27/04/2026, 12:05", 0, 792, 800, 42.2, 1, 8
"27/04/2026, 12:10", 0, 757, 766, 43.0, 1, 8
"27/04/2026, 12:15", 0, 733, 740, 42.7, 1, 8
"27/04/2026, 12:20", 0, 781, 789, 43.5, 1, 8
"27/04/2026, 12:25", 0, 764, 774, 43.0, 1, 8
"27/04/2026, 12:30", 0, 746, 753, 43.7, 1, 8
"27/04/2026, 12:35", 0, 777, 786, 43.6, 1, 8
"27/04/2026, 12:40", 0, 773, 779, 42.8, 1, 8
"27/04/2026, 12:45", 0, 745, 756, 42.6, 1, 8
"27/04/2026, 12:50", 0, 806, 813, 42.8, 1, 8
"27/04/2026, 12:55", 0, 770, 778, 43.6, 1, 8
"27/04/2026, 13:00", 0, 740, 746, 42.8, 1, 8
"27/04/2026, 13:05", 0, 750, 760, 43.5, 1, 8
"27/04/2026, 13:10", 0, 803, 809, 43.8, 1, 8
"27/04/2026, 13:15", 0, 755, 761, 42.5, 1, 8
"27/04/2026, 13:20", 0, 770, 776, 43.0, 1, 8
"27/04/2026, 13:25", 0, 791, 802, 43.5, 1, 8
"27/04/2026, 13:30", 0, 734, 740, 42.3, 1, 8
"27/04/2026, 13:35", 0, 797, 802, 43.6, 1, 8
"27/04/2026, 13:40", 0, 812, 823, 42.5, 1, 8
"27/04/2026, 13:45", 0, 775, 784, 42.3, 1, 8
"27/04/2026, 13:50", 0, 791, 799, 43.3, 1, 8
"27/04/2026, 13:55", 0, 762, 768, 42.3, 1, 8
"27/04/2026, 14:00", 0, 757, 768, 43.2, 1, 8
"27/04/2026, 14:05", 0, 787, 796, 42.6, 1, 8
"27/04/2026, 14:10", 0, 691, 698, 43.5, 1, 8
"27/04/2026, 14:15", 0, 765, 774, 43.5, 1, 8
"27/04/2026, 14:20", 0, 690, 697, 42.8, 1, 8
"27/04/2026, 14:25", 0, 692, 703, 42.5, 1, 8
"27/04/2026, 14:30", 0, 725, 735, 43.5, 1, 8
"27/04/2026, 14:35", 0, 739, 746, 42.4, 1, 8
"27/04/2026, 14:40", 0, 679, 689, 43.5, 1, 8
"27/04/2026, 14:45", 0, 765, 773, 42.2, 1, 8
"27/04/2026, 14:50", 0, 714, 720, 42.3, 1, 8
"27/04/2026, 14:55", 0, 753, 762, 43.1, 1, 8
"27/04/2026, 15:00", 0, 590, 598, 42.4, 1, 8
"27/04/2026, 15:05", 0, 547, 557, 42.8, 1, 8
"27/04/2026, 15:10", 0, 653, 663, 43.0, 1, 8
"27/04/2026, 15:15", 0, 547, 552, 43.1, 1, 8
"27/04/2026, 15:20", 0, 624, 630, 43.4, 1, 8
"27/04/2026, 15:25", 0, 647, 657, 43.8, 1, 8
"27/04/2026, 15:30", 0, 556, 565, 42.9, 1, 8
"27/04/2026, 15:35", 0, 649, 659, 42.6, 1, 8
"27/04/2026, 15:40", 0, 549, 555, 43.4, 1, 8
"27/04/2026, 15:45", 0, 654, 663, 43.3, 1, 8
"27/04/2026, 15:50", 0, 650, 657, 43.2, 1, 8
"27/04/2026, 15:55", 0, 584, 594, 43.2, 1, 8
"27/04/2026, 16:00", 0, 480, 485, 43.5, 1, 8
"27/04/2026, 16:05", 0, 486, 492, 42.9, 1, 8
"27/04/2026, 16:10", 0, 443, 452, 43.2, 1, 8
"27/04/2026, 16:15", 0, 383, 388, 42.4, 1, 8
"27/04/2026, 16:20", 0, 411, 420, 43.3, 1, 8
"27/04/2026, 16:25", 0, 410, 417, 43.0, 1, 8
"27/04/2026, 16:30", 0, 466, 473, 42.8, 1, 8
"27/04/2026, 16:35", 0, 405, 413, 42.7, 1, 8
"27/04/2026, 16:40", 0, 391, 398, 43.7, 1, 8
"27/04/2026, 16:45", 0, 395, 401, 43.6, 1, 8
"27/04/2026, 16:50", 0, 417, 424, 43.5, 1, 8
"27/04/2026, 16:55", 0, 485, 491, 42.3, 1, 8
"27/04/2026, 17:00", 0, 272, 280, 40.2, 1, 8
"27/04/2026, 17:05", 0, 268, 275, 40.4, 1, 8
"27/04/2026, 17:10", 0, 175, 185, 40.9, 1, 8
"27/04/2026, 17:15", 0, 220, 230, 41.6, 1, 8
"27/04/2026, 17:20", 0, 208, 216, 41.6, 1, 8
"27/04/2026, 17:25", 0, 228, 235, 40.4, 1, 8
"27/04/2026, 17:30", 0, 282, 291, 40.5, 1, 8
"27/04/2026, 17:35", 0, 182, 188, 41.0, 1, 8
"27/04/2026, 17:40", 0, 183, 193, 40.4, 1, 8
"27/04/2026, 17:45", 0, 205, 211, 41.6, 1, 8
"27/04/2026, 17:50", 0, 251, 260, 40.9, 1, 8
"27/04/2026, 17:55", 0, 250, 258, 41.6, 1, 8
"27/04/2026, 18:00", 0, 0, 9, 40.7, 1, 8
"27/04/2026, 18:05", 0, 51, 58, 41.3, 1, 8
"27/04/2026, 18:10", 0, 46, 55, 41.0, 1, 8
"27/04/2026, 18:15", 0, 0, 11, 41.2, 1, 8
"27/04/2026, 18:20", 0, 52, 61, 40.4, 1, 8
"27/04/2026, 18:25", 0, 0, 9, 41.2, 1, 8
"27/04/2026, 18:30", 0, 0, 10, 41.6, 1, 8
"27/04/2026, 18:35", 0, 0, 10, 41.3, 1, 8
"27/04/2026, 18:40", 0, 0, 7, 40.6, 1, 8
"27/04/2026, 18:45", 0, 43, 49, 41.6, 1, 8
"27/04/2026, 18:50", 0, 4, 10, 41.4, 1, 8
"27/04/2026, 18:55", 0, 35, 43, 40.9, 1, 8
"27/04/2026, 19:00", 0, 0, 11, 41.4, 1, 8
"27/04/2026, 19:05", 0, 0, 9, 40.6, 1, 8
"27/04/2026, 19:10", 0, 0, 8, 40.4, 1, 8
"27/04/2026, 19:15", 0, 54, 61, 41.4, 1, 8
"27/04/2026, 19:20", 0, 0, 9, 40.9, 1, 8
"27/04/2026, 19:25", 0, 0, 7, 41.7, 1, 8
"27/04/2026, 19:30", 0, 0, 5, 41.0, 1, 8
"27/04/2026, 19:35", 0, 16, 26, 40.4, 1, 8
"27/04/2026, 19:40", 0, 17, 26, 41.7, 1, 8
"27/04/2026, 19:45", 0, 0, 9, 40.2, 1, 8
"27/04/2026, 19:50", 0, 42, 53, 40.2, 1, 8
"27/04/2026, 19:55", 0, 52, 61, 40.5, 1, 8
"27/04/2026, 20:00", 0, 0, 10, 41.6, 1, 8
"27/04/2026, 20:05", 0, 0, 7, 40.4, 1, 8
"27/04/2026, 20:10", 0, 6, 14, 40.8, 1, 8
"27/04/2026, 20:15", 0, 0, 9, 41.3, 1, 8
"27/04/2026, 20:20", 0, 36, 43, 40.3, 1, 8
"27/04/2026, 20:25", 0, 21, 29, 41.3, 1, 8
"27/04/2026, 20:30", 0, 58, 68, 40.3, 1, 8
"27/04/2026, 20:35", 0, 0, 11, 40.6, 1, 8
"27/04/2026, 20:40", 0, 0, 7, 40.4, 1, 8
"27/04/2026, 20:45", 0, 60, 68, 40.6, 1, 8
"27/04/2026, 20:50", 0, 0, 6, 40.9, 1, 8
"27/04/2026, 20:55", 0, 0, 9, 40.9, 1, 8
"27/04/2026, 21:00", 0, 0, 7, 40.9, 1, 8
"27/04/2026, 21:05", 0, 0, 10, 41.5, 1, 8
"27/04/2026, 21:10", 0, 46, 52, 40.7, 1, 8
"27/04/2026, 21:15", 0, 0, 7, 40.8, 1, 8
"27/04/2026, 21:20", 0, 18, 24, 40.6, 1, 8
"27/04/2026, 21:25", 0, 0, 8, 41.0, 1, 8
"27/04/2026, 21:30", 0, 0, 8, 41.5, 1, 8
"27/04/2026, 21:35", 0, 30, 37, 41.7, 1, 8
"27/04/2026, 21:40", 0, 0, 5, 40.4, 1, 8
"27/04/2026, 21:45", 0, 45, 51, 40.4, 1, 8
"27/04/2026, 21:50", 0, 0, 9, 41.5, 1, 8
"27/04/2026, 21:55", 0, 41, 49, 40.4, 1, 8
"27/04/2026, 22:00", 0, 0, 9, 40.7, 1, 8
"27/04/2026, 22:05", 0, 0, 9, 41.3, 1, 8
"27/04/2026, 22:10", 0, 0, 6, 41.7, 1, 8
"27/04/2026, 22:15", 0, 56, 64, 41.2, 1, 8
"27/04/2026, 22:20", 0, 11, 17, 40.8, 1, 8
"27/04/2026, 22:25", 0, 39, 46, 40.7, 1, 8
"27/04/2026, 22:30", 0, 0, 7, 41.5, 1, 8
"27/04/2026, 22:35", 0, 0, 9, 40.5, 1, 8
"27/04/2026, 22:40", 0, 0, 9, 40.8, 1, 8
"27/04/2026, 22:45", 0, 0, 6, 41.6, 1, 8
"27/04/2026, 22:50", 0, 0, 7, 41.5, 1, 8
"27/04/2026, 22:55", 0, 0, 8, 40.8, 1, 8
"27/04/2026, 23:00", 0, 58, 69, 41.6, 1, 8
"27/04/2026, 23:05", 0, 0, 10, 40.3, 1, 8
"27/04/2026, 23:10", 0, 5, 16, 40.8, 1, 8
"27/04/2026, 23:15", 0, 24, 30, 40.7, 1, 8
"27/04/2026, 23:20", 0, 44, 55, 40.7, 1, 8
"27/04/2026, 23:25", 0, 6, 14, 41.6, 1, 8
"27/04/2026, 23:30", 0, 0, 9, 40.4, 1, 8
"27/04/2026, 23:35", 0, 0, 6, 40.7, 1, 8
"27/04/2026, 23:40", 0, 0, 6, 41.6, 1, 8
"27/04/2026, 23:45", 0, 0, 5, 41.3, 1, 8
"27/04/2026, 23:50", 0, 27, 33, 40.7, 1, 8
"27/04/2026, 23:55", 0, 0, 9, 40.4, 1, 8
"28/04/2026, 00:00", 0, 0, 6, 40.9, 1, 8
"28/04/2026, 00:05", 0, 46, 55, 41.3, 1, 8
"28/04/2026, 00:10", 0, 0, 7, 41.2, 1, 8
"28/04/2026, 00:15", 0, 0, 8, 41.2, 1, 8
"28/04/2026, 00:20", 0, 0, 10, 40.7, 1, 8
"28/04/2026, 00:25", 0, 51, 59, 41.4, 1, 8
"28/04/2026, 00:30", 0, 0, 5, 41.5, 1, 8
"28/04/2026, 00:35", 0, 0, 10, 40.8, 1, 8
"28/04/2026, 00:40", 0, 0, 7, 41.3, 1, 8
"28/04/2026, 00:45", 0, 0, 7, 41.1, 1, 8
"28/04/2026, 00:50", 0, 0, 10, 40.9, 1, 8
"28/04/2026, 00:55", 0, 48, 55, 41.8, 1, 8
"28/04/2026, 01:00", 0, 0, 9, 41.4, 1, 8
"28/04/2026, 01:05", 0, 1, 10, 40.9, 1, 8
"28/04/2026, 01:10", 0, 41, 48, 41.0, 1, 8
"28/04/2026, 01:15", 0, 0, 8, 41.0, 1, 8
"28/04/2026, 01:20", 0, 0, 9, 40.9, 1, 8
"28/04/2026, 01:25", 0, 0, 9, 41.3, 1, 8
"28/04/2026, 01:30", 0, 31, 42, 41.0, 1, 8
"28/04/2026, 01:35", 0, 0, 6, 41.4, 1, 8
"28/04/2026, 01:40", 0, 7, 14, 41.5, 1, 8
"28/04/2026, 01:45", 0, 0, 8, 40.6, 1, 8
"28/04/2026, 01:50", 0, 0, 9, 40.9, 1, 8
"28/04/2026, 01:55", 0, 0, 5, 40.7, 1, 8
"28/04/2026, 02:00", 0, 57, 63, 40.3, 1, 8
"28/04/2026, 02:05", 0, 0, 6, 40.5, 1, 8
"28/04/2026, 02:10", 0, 0, 11, 41.4, 1, 8
"28/04/2026, 02:15", 0, 46, 56, 40.9, 1, 8
"28/04/2026, 02:20", 0, 0, 10, 41.3, 1, 8
"28/04/2026, 02:25", 0, 0, 9, 41.3, 1, 8
"28/04/2026, 02:30", 0, 10, 19, 41.7, 1, 8
"28/04/2026, 02:35", 0, 12, 21, 41.0, 1, 8
"28/04/2026, 02:40", 0, 24, 32, 41.3, 1, 8
"28/04/2026, 02:45", 0, 59, 64, 41.7, 1, 8
"28/04/2026, 02:50", 0, 18, 25, 41.3, 1, 8
"28/04/2026, 02:55", 0, 0, 11, 41.8, 1, 8
"28/04/2026, 03:00", 0, 0, 7, 40.4, 1, 8
"28/04/2026, 03:05", 0, 27, 37, 40.8, 1, 8
"28/04/2026, 03:10", 0, 0, 9, 41.0, 1, 8
"28/04/2026, 03:15", 0, 0, 11, 41.0, 1, 8
"28/04/2026, 03:20", 0, 0, 6, 40.8, 1, 8
"28/04/2026, 03:25", 0, 0, 10, 40.3, 1, 8
"28/04/2026, 03:30", 0, 41, 51, 41.5, 1, 8
"28/04/2026, 03:35", 0, 39, 48, 41.2, 1, 8
"28/04/2026, 03:40", 0, 27, 33, 40.2, 1, 8
"28/04/2026, 03:45", 0, 54, 59, 40.3, 1, 8
"28/04/2026, 03:50", 0, 0, 6, 40.5, 1, 8
"28/04/2026, 03:55", 0, 0, 7, 41.5, 1, 8
"28/04/2026, 04:00", 0, 0, 7, 40.6, 1, 8
"28/04/2026, 04:05", 0, 28, 37, 40.3, 1, 8
"28/04/2026, 04:10", 0, 0, 8, 40.7, 1, 8
"28/04/2026, 04:15", 0, 37, 43, 40.3, 1, 8
"28/04/2026, 04:20", 0, 0, 7, 41.2, 1, 8
"28/04/2026, 04:25", 0, 45, 51, 41.6, 1, 8
"28/04/2026, 04:30", 0, 0, 7, 40.7, 1, 8
"28/04/2026, 04:35", 0, 0, 9, 40.9, 1, 8
"28/04/2026, 04:40", 0, 42, 49, 41.6, 1, 8
"28/04/2026, 04:45", 0, 0, 9, 41.7, 1, 8
"28/04/2026, 04:50", 0, 52, 58, 41.8, 1, 8
"28/04/2026, 04:55", 0, 0, 9, 41.0, 1, 8
"28/04/2026, 05:00", 0, 0, 9, 41.0, 1, 8
"28/04/2026, 05:05", 0, 1, 9, 40.5, 1, 8
"28/04/2026, 05:10", 0, 16, 24, 41.1, 1, 8
"28/04/2026, 05:15", 0, 2, 13, 41.2, 1, 8
"28/04/2026, 05:20", 0, 8, 18, 41.4, 1, 8
"28/04/2026, 05:25", 0, 0, 8, 40.5, 1, 8
"28/04/2026, 05:30", 0, 4, 15, 41.6, 1, 8
"28/04/2026, 05:35", 0, 0, 5, 40.3, 1, 8
"28/04/2026, 05:40", 0, 0, 6, 40.2, 1, 8
"28/04/2026, 05:45", 0, 0, 11, 40.5, 1, 8
"28/04/2026, 05:50", 0, 16, 22, 41.4, 1, 8
"28/04/2026, 05:55", 0, 0, 7, 41.6, 1, 8
"28/04/2026, 06:00", 0, 12, 19, 40.7, 1, 8
"28/04/2026, 06:05", 0, 25, 33, 41.4, 1, 8
"28/04/2026, 06:10", 0, 0, 5, 40.6, 1, 8
"28/04/2026, 06:15", 0, 0, 8, 40.8, 1, 8
"28/04/2026, 06:20", 0, 2, 11, 40.5, 1, 8
"28/04/2026, 06:25", 0, 39, 49, 41.4, 1, 8
"28/04/2026, 06:30", 0, 11, 20, 41.5, 1, 8
"28/04/2026, 06:35", 0, 0, 6, 41.1, 1, 8
"28/04/2026, 06:40", 0, 0, 8, 41.7, 1, 8
"28/04/2026, 06:45", 0, 43, 50, 40.7, 1, 8
"28/04/2026, 06:50", 0, 0, 6, 40.9, 1, 8
"28/04/2026, 06:55", 0, 34, 40, 40.3, 1, 8
"28/04/2026, 07:00", 0, 0, 9, 40.2, 1, 8
"28/04/2026, 07:05", 0, 0, 5, 40.6, 1, 8
"28/04/2026, 07:10", 0, 37, 42, 41.8, 1, 8
"28/04/2026, 07:15", 0, 16, 24, 40.8, 1, 8
"28/04/2026, 07:20", 0, 13, 20, 40.9, 1, 8
"28/04/2026, 07:25", 0, 6, 12, 40.5, 1, 8
"28/04/2026, 07:30", 0, 0, 6, 40.8, 1, 8
"28/04/2026, 07:35", 0, 56, 64, 40.7, 1, 8
"28/04/2026, 07:40", 0, 31, 37, 40.3, 1, 8
"28/04/2026, 07:45", 0, 3, 10, 41.3, 1, 8
"28/04/2026, 07:50", 0, 0, 9, 41.7, 1, 8
"28/04/2026, 07:55", 0, 0, 6, 40.2, 1, 8
"28/04/2026, 08:00", 0, 280, 290, 40.6, 1, 8
"28/04/2026, 08:05", 0, 257, 267, 40.8, 1, 8
"28/04/2026, 08:10", 0, 277, 284, 41.0, 1, 8
"28/04/2026, 08:15", 0, 241, 250, 40.5, 1, 8
"28/04/2026, 08:20", 0, 276, 285, 40.7, 1, 8
"28/04/2026, 08:25", 0, 283, 290, 40.3, 1, 8
"28/04/2026, 08:30", 0, 227, 235, 41.3, 1, 8
"28/04/2026, 08:35", 0, 252, 263, 40.5, 1, 8
"28/04/2026, 08:40", 0, 240, 247, 40.3, 1, 8
"28/04/2026, 08:45", 0, 209, 217, 40.7, 1, 8
"28/04/2026, 08:50", 0, 240, 251, 41.3, 1, 8
"28/04/2026, 08:55", 0, 252, 263, 41.8, 1, 8
"28/04/2026, 09:00", 0, 410, 418, 41.3, 1, 8
"28/04/2026, 09:05", 0, 442, 451, 40.8, 1, 8
"28/04/2026, 09:10", 0, 405, 413, 40.6, 1, 8
"28/04/2026, 09:15", 0, 432, 442, 40.8, 1, 8
"28/04/2026, 09:20", 0, 432, 441, 41.0, 1, 8
"28/04/2026, 09:25", 0, 492, 501, 41.2, 1, 8
"28/04/2026, 09:30", 0, 404, 409, 41.6, 1, 8
"28/04/2026, 09:35", 0, 472, 480, 40.2, 1, 8
"28/04/2026, 09:40", 0, 487, 496, 40.7, 1, 8
"28/04/2026, 09:45", 0, 470, 475, 41.4, 1, 8
"28/04/2026, 09:50", 0, 401, 406, 40.3, 1, 8
"28/04/2026, 09:55", 0, 414, 423, 41.1, 1, 8
"28/04/2026, 10:00", 0, 591, 598, 43.1, 1, 8
"28/04/2026, 10:05", 0, 593, 598, 43.1, 1, 8
"28/04/2026, 10:10", 0, 586, 592, 42.8, 1, 8
"28/04/2026, 10:15", 0, 573, 582, 43.0, 1, 8
"28/04/2026, 10:20", 0, 555, 562, 42.3, 1, 8
"28/04/2026, 10:25", 0, 631, 641, 43.6, 1, 8
"28/04/2026, 10:30", 0, 562, 572, 42.3, 1, 8
"28/04/2026, 10:35", 0, 583, 589, 42.8, 1, 8
"28/04/2026, 10:40", 0, 550, 557, 43.5, 1, 8
"28/04/2026, 10:45", 0, 583, 591, 43.3, 1, 8
"28/04/2026, 10:50", 0, 638, 646, 43.3, 1, 8
"28/04/2026, 10:55", 0, 619, 627, 42.9, 1, 8
"28/04/2026, 11:00", 0, 725, 733, 42.6, 1, 8
"28/04/2026, 11:05", 0, 672, 678, 42.4, 1, 8
"28/04/2026, 11:10", 0, 753, 763, 43.4, 1, 8
"28/04/2026, 11:15", 0, 736, 746, 43.8, 1, 8
"28/04/2026, 11:20", 0, 680, 686, 42.5, 1, 8
"28/04/2026, 11:25", 0, 682, 689, 42.5, 1, 8
"28/04/2026, 11:30", 0, 682, 689, 43.5, 1, 8
"28/04/2026, 11:35", 0, 678, 689, 42.9, 1, 8
"28/04/2026, 11:40", 0, 691, 701, 43.3, 1, 8
"28/04/2026, 11:45", 0, 778, 784, 42.6, 1, 8
"28/04/2026, 11:50", 0, 674, 684, 42.6, 1, 8
"28/04/2026, 11:55", 0, 764, 773, 43.5, 1, 8
"28/04/2026, 12:00", 0, 739, 749, 42.6, 1, 8
"28/04/2026, 12:05", 0, 773, 779, 43.1, 1, 8
"28/04/2026, 12:10", 0, 756, 767, 42.3, 1, 8
"28/04/2026, 12:15", 0, 813, 818, 43.2, 1, 8
"28/04/2026, 12:20", 0, 827, 834, 43.2, 1, 8
"28/04/2026, 12:25", 0, 791, 799, 43.6, 1, 8
"28/04/2026, 12:30", 0, 774, 784, 42.7, 1, 8
"28/04/2026, 12:35", 0, 795, 803, 43.3, 1, 8
"28/04/2026, 12:40", 0, 808, 817, 42.4, 1, 8
"28/04/2026, 12:45", 0, 788, 794, 43.6, 1, 8
"28/04/2026, 12:50", 0, 781, 791, 43.3, 1, 8
"28/04/2026, 12:55", 0, 742, 750, 43.6, 1, 8
"28/04/2026, 13:00", 0, 846, 855, 42.5, 1, 8
"28/04/2026, 13:05", 0, 833, 841, 43.6, 1, 8
"28/04/2026, 13:10", 0, 767, 773, 43.2, 1, 8
"28/04/2026, 13:15", 0, 818, 824, 43.3, 1, 8
"28/04/2026, 13:20", 0, 781, 790, 43.6, 1, 8
"28/04/2026, 13:25", 0, 809, 819, 42.4, 1, 8
"28/04/2026, 13:30", 0, 799, 809, 43.4, 1, 8
"28/04/2026, 13:35", 0, 826, 832, 42.5, 1, 8
"28/04/2026, 13:40", 0, 848, 858, 43.5, 1, 8
"28/04/2026, 13:45", 0, 789, 795, 43.2, 1, 8
"28/04/2026, 13:50", 0, 790, 798, 43.7, 1, 8
"28/04/2026, 13:55", 0, 767, 776, 42.5, 1, 8
"28/04/2026, 14:00", 0, 744, 753, 43.4, 1, 8
"28/04/2026, 14:05", 0, 681, 688, 43.2, 1, 8
"28/04/2026, 14:10", 0, 690, 701, 43.4, 1, 8
"28/04/2026, 14:15", 0, 772, 779, 42.2, 1, 8
"28/04/2026, 14:20", 0, 767, 773, 43.4, 1, 8
"28/04/2026, 14:25", 0, 768, 778, 42.5, 1, 8
"28/04/2026, 14:30", 0, 751, 760, 43.0, 1, 8
"28/04/2026, 14:35", 0, 771, 781, 43.6, 1, 8
"28/04/2026, 14:40", 0, 713, 720, 42.6, 1, 8
"28/04/2026, 14:45", 0, 727, 735, 43.4, 1, 8
"28/04/2026, 14:50", 0, 783, 790, 42.6, 1, 8
"28/04/2026, 14:55", 0, 730, 737, 43.3, 1, 8
"28/04/2026, 15:00", 0, 617, 625, 42.7, 1, 8
"28/04/2026, 15:05", 0, 556, 567, 42.5, 1, 8
"28/04/2026, 15:10", 0, 570, 576, 42.8, 1, 8
"28/04/2026, 15:15", 0, 608, 617, 43.7, 1, 8
"28/04/2026, 15:20", 0, 633, 638, 43.5, 1, 8
"28/04/2026, 15:25", 0, 617, 626, 42.6, 1, 8
"28/04/2026, 15:30", 0, 566, 574, 43.1, 1, 8
"28/04/2026, 15:35", 0, 631, 637, 43.3, 1, 8
"28/04/2026, 15:40", 0, 586, 592, 42.7, 1, 8
"28/04/2026, 15:45", 0, 600, 608, 43.7, 1, 8
"28/04/2026, 15:50", 0, 552, 561, 43.6, 1, 8
"28/04/2026, 15:55", 0, 556, 567, 43.1, 1, 8
"28/04/2026, 16:00", 0, 490, 501, 42.4, 1, 8
"28/04/2026, 16:05", 0, 437, 447, 42.5, 1, 8
"28/04/2026, 16:10", 0, 396, 401, 42.7, 1, 8
"28/04/2026, 16:15", 0, 457, 464, 42.7, 1, 8